id,row,section,block,ruleType,policyStatus,question,engineStatus,actualAnswer,nextAction,sourceStatus
1,132,"(*) ""שלב הבתים""",שלב הבתים,closed_from_opening_match,opening_match_exception_closed,הנבחרת שתבעט את בעיטת הפתיחה במשחק הפתיחה (מקסיקו - דרום אפריקה) תהיה:,already_closed,מקסיקו,לא נוגע - כבר סגור/מאומת,verified_fifa
2,134,"(*) ""שלב הבתים""",שלב הבתים,closed_from_opening_match,opening_match_exception_closed,בעיטת הפתיחה של משחק הפתיחה תיבעט ב:,already_closed,רגל ימין,לא נוגע - כבר סגור/מאומת,verified_fifa
3,136,"(*) ""שלב הבתים""",שלב הבתים,closed_from_opening_match,opening_match_exception_closed,האירוע הראשון בטורניר לאחר שריקת הפתיחה יהיה:,already_closed,זריקת חוץ,לא נוגע - כבר סגור/מאומת,verified_fifa
4,138,"(*) ""שלב הבתים""",שלב הבתים,closed_from_opening_match,opening_match_exception_closed,השער הראשון בטורניר יובקע ב:,already_closed,רגל ימין,לא נוגע - כבר סגור/מאומת,verified_fifa
5,140,"(*) ""שלב הבתים""",שלב הבתים,live_aggregate_until_group_stage_complete,locked_not_answered_now,הבית עם מס' השערים הנמוך ביותר,locked_not_answered_now,לא ידוע | מס' השערים שיובקעו: לא ידוע,לא נענה עכשיו לפי החלטת מנהל; ייסגר רק בסיום השלב/האירוע המתאים או עם override מפורש,pending
6,142,"(*) ""שלב הבתים""",שלב הבתים,live_aggregate_until_group_stage_complete,locked_not_answered_now,הבית עם מס' השערים הרב ביותר,locked_not_answered_now,לא ידוע | מס' השערים שיובקעו: לא ידוע,לא נענה עכשיו לפי החלטת מנהל; ייסגר רק בסיום השלב/האירוע המתאים או עם override מפורש,pending
7,144,"(*) ""שלב הבתים""",שלב הבתים,live_aggregate_until_group_stage_complete,locked_not_answered_now,הנבחרת שתבקיע את מס' השערים הגדול ביותר בשלב הבתים,locked_not_answered_now,לא ידוע | מס' השערים שתבקיע: לא ידוע,לא נענה עכשיו לפי החלטת מנהל; ייסגר רק בסיום השלב/האירוע המתאים או עם override מפורש,pending
8,146,"(*) ""שלב הבתים""",שלב הבתים,live_aggregate_until_group_stage_complete,locked_not_answered_now,הנבחרת שתספוג את מס' השערים הגדול ביותר בשלב הבתים,locked_not_answered_now,לא ידוע | מס' השערים שתספוג: לא ידוע,לא נענה עכשיו לפי החלטת מנהל; ייסגר רק בסיום השלב/האירוע המתאים או עם override מפורש,pending
9,148,"(*) ""שלב הבתים""",שלב הבתים,live_aggregate_until_group_stage_complete,locked_not_answered_now,הנבחרת שתבקיע את מס' השערים הקטן ביותר בשלב הבתים,locked_not_answered_now,לא ידוע | מס' השערים שתבקיע: לא ידוע,לא נענה עכשיו לפי החלטת מנהל; ייסגר רק בסיום השלב/האירוע המתאים או עם override מפורש,pending
10,150,"(*) ""שלב הבתים""",שלב הבתים,live_aggregate_until_group_stage_complete,locked_not_answered_now,הנבחרת שתספוג את מס' השערים הקטן ביותר בשלב הבתים,locked_not_answered_now,לא ידוע | מס' השערים שתספוג: לא ידוע,לא נענה עכשיו לפי החלטת מנהל; ייסגר רק בסיום השלב/האירוע המתאים או עם override מפורש,pending
11,152,"(*) ""שלב הבתים""",שלב הבתים,live_aggregate_until_group_stage_complete,locked_not_answered_now,הנבחרת בעלת הכי הרבה תוצאות תיקו בשלב הבתים,locked_not_answered_now,לא ידוע | מס' תוצאות תיקו: לא ידוע,לא נענה עכשיו לפי החלטת מנהל; ייסגר רק בסיום השלב/האירוע המתאים או עם override מפורש,pending
12,154,"(*) ""שלב הבתים""",שלב הבתים,live_aggregate_until_group_stage_complete,locked_not_answered_now,"מס' תוצאות התיקו שיהיו בשלב הבתים (סה""כ 72 משחקים)",locked_not_answered_now,לא ידוע,לא נענה עכשיו לפי החלטת מנהל; ייסגר רק בסיום השלב/האירוע המתאים או עם override מפורש,pending
13,156,"(*) ""שלב הבתים""",שלב הבתים,leader_or_superlative_do_not_close_early,locked_not_answered_now,הנבחרת שתספוג הכי הרבה כרטיסים אדומים בשלב הבתים,locked_not_answered_now,לא ידוע | מס' הכרטיסים שתספוג: לא ידוע,לא נענה עכשיו לפי החלטת מנהל; ייסגר רק בסיום השלב/האירוע המתאים או עם override מפורש,pending
14,158,"(*) ""שלב הבתים""",שלב הבתים,leader_or_superlative_do_not_close_early,locked_not_answered_now,"מס' כרטיסים אדומים שיישלפו בשלב הבתים (סה""כ 72 משחקים)",locked_not_answered_now,לא ידוע,לא נענה עכשיו לפי החלטת מנהל; ייסגר רק בסיום השלב/האירוע המתאים או עם override מפורש,pending
15,160,"(*) ""שלב הבתים""",שלב הבתים,leader_or_superlative_do_not_close_early,locked_not_answered_now,מלך השערים בבתים,locked_not_answered_now,לא ידוע | לא ידוע | מס' השערים שיכבוש: לא ידוע,לא נענה עכשיו לפי החלטת מנהל; ייסגר רק בסיום השלב/האירוע המתאים או עם override מפורש,pending
16,162,"(*) ""שלב הבתים""",שלב הבתים,leader_or_superlative_do_not_close_early,locked_not_answered_now,הנבחרת שיישרקו לזכותה הכי הרבה פנדלים בבתים,locked_not_answered_now,לא ידוע + מס' הפנדלים שיישרקו: לא ידוע,לא נענה עכשיו לפי החלטת מנהל; ייסגר רק בסיום השלב/האירוע המתאים או עם override מפורש,pending
17,164,"(*) ""שלב הבתים""",שלב הבתים,leader_or_superlative_do_not_close_early,locked_not_answered_now,הנבחרת שיישרקו לחובתה הכי הרבה פנדלים בבתים,locked_not_answered_now,לא ידוע + מס' הפנדלים שיישרקו: לא ידוע,לא נענה עכשיו לפי החלטת מנהל; ייסגר רק בסיום השלב/האירוע המתאים או עם override מפורש,pending
18,166,"(*) ""שלב הבתים""",שלב הבתים,leader_or_superlative_do_not_close_early,locked_not_answered_now,"מס' פנדלים שיישרקו בשלב הבתים (סה""כ 72 משחקים)",locked_not_answered_now,לא ידוע,לא נענה עכשיו לפי החלטת מנהל; ייסגר רק בסיום השלב/האירוע המתאים או עם override מפורש,pending
19,173,"דיאז (קולומביה) + ויניסיוס (ברזיל) + מסי (ארגנטינה) VS. קיין (אנגליה) + רונאלדו (פורטוגל) + אמבפה (צרפת) VS. מאנה (סנגל), נסירי (מרוקו), סאלח (מצרים)**",ראש בראש כוכבים - התותחים הכבדים,manual_context_required,locked_not_answered_now,מי מהשחקנים יבקיע יותר שערים בשלב הבתים ?,locked_not_answered_now,לא ידוע,לא נענה עכשיו לפי החלטת מנהל; ייסגר רק בסיום השלב/האירוע המתאים או עם override מפורש,pending
20,175,"דיאז (קולומביה) + ויניסיוס (ברזיל) + מסי (ארגנטינה) VS. קיין (אנגליה) + רונאלדו (פורטוגל) + אמבפה (צרפת) VS. מאנה (סנגל), נסירי (מרוקו), סאלח (מצרים)**",ראש בראש כוכבים - התותחים הכבדים,manual_context_required,locked_not_answered_now,מאיזו יבשת יבקיעו יותר שערים בשלב הבתים ?,locked_not_answered_now,לא ידוע,לא נענה עכשיו לפי החלטת מנהל; ייסגר רק בסיום השלב/האירוע המתאים או עם override מפורש,pending
21,178,"דיאז (קולומביה) + ויניסיוס (ברזיל) + מסי (ארגנטינה) VS. קיין (אנגליה) + רונאלדו (פורטוגל) + אמבפה (צרפת) VS. מאנה (סנגל), נסירי (מרוקו), סאלח (מצרים)**",ראש בראש כוכבים - התותחים הכבדים,specific_player_group_manual,locked_not_answered_now,האם כל השחקנים יכבשו ביחד לפחות 15 שערים לזכות נבחרתם בשלב הבתים ?,locked_not_answered_now,לא ידוע,לא נענה עכשיו לפי החלטת מנהל; ייסגר רק בסיום השלב/האירוע המתאים או עם override מפורש,pending
22,180,"דיאז (קולומביה) + ויניסיוס (ברזיל) + מסי (ארגנטינה) VS. קיין (אנגליה) + רונאלדו (פורטוגל) + אמבפה (צרפת) VS. מאנה (סנגל), נסירי (מרוקו), סאלח (מצרים)**",ראש בראש כוכבים - התותחים הכבדים,manual_context_required,locked_not_answered_now,מי מהשחקנים יבקיע יותר שערים בנגיחה ?,locked_not_answered_now,לא ידוע,לא נענה עכשיו לפי החלטת מנהל; ייסגר רק בסיום השלב/האירוע המתאים או עם override מפורש,pending
23,182,"דיאז (קולומביה) + ויניסיוס (ברזיל) + מסי (ארגנטינה) VS. קיין (אנגליה) + רונאלדו (פורטוגל) + אמבפה (צרפת) VS. מאנה (סנגל), נסירי (מרוקו), סאלח (מצרים)**",ראש בראש כוכבים - התותחים הכבדים,manual_context_required,locked_not_answered_now,מאיזו יבשת יבקיעו יותר שערים בנגיחה ?,locked_not_answered_now,לא ידוע,לא נענה עכשיו לפי החלטת מנהל; ייסגר רק בסיום השלב/האירוע המתאים או עם override מפורש,pending
24,185,"דיאז (קולומביה) + ויניסיוס (ברזיל) + מסי (ארגנטינה) VS. קיין (אנגליה) + רונאלדו (פורטוגל) + אמבפה (צרפת) VS. מאנה (סנגל), נסירי (מרוקו), סאלח (מצרים)**",ראש בראש כוכבים - התותחים הכבדים,specific_player_group_manual,locked_not_answered_now,האם כל השחקנים יכבשו בנגיחה ביחד לפחות 2 שערים לזכות נבחרתם בשלב הבתים ?,locked_not_answered_now,לא ידוע,לא נענה עכשיו לפי החלטת מנהל; ייסגר רק בסיום השלב/האירוע המתאים או עם override מפורש,pending
25,187,"דיאז (קולומביה) + ויניסיוס (ברזיל) + מסי (ארגנטינה) VS. קיין (אנגליה) + רונאלדו (פורטוגל) + אמבפה (צרפת) VS. מאנה (סנגל), נסירי (מרוקו), סאלח (מצרים)**",ראש בראש כוכבים - התותחים הכבדים,manual_context_required,locked_not_answered_now,מי מהשחקנים יבשל יותר שערים בשלב הבתים ?,locked_not_answered_now,לא ידוע,לא נענה עכשיו לפי החלטת מנהל; ייסגר רק בסיום השלב/האירוע המתאים או עם override מפורש,pending
26,189,"דיאז (קולומביה) + ויניסיוס (ברזיל) + מסי (ארגנטינה) VS. קיין (אנגליה) + רונאלדו (פורטוגל) + אמבפה (צרפת) VS. מאנה (סנגל), נסירי (מרוקו), סאלח (מצרים)**",ראש בראש כוכבים - התותחים הכבדים,manual_context_required,locked_not_answered_now,מאיזו יבשת יבשלו יותר שערים בשלב הבתים ?,locked_not_answered_now,לא ידוע,לא נענה עכשיו לפי החלטת מנהל; ייסגר רק בסיום השלב/האירוע המתאים או עם override מפורש,pending
27,192,"דיאז (קולומביה) + ויניסיוס (ברזיל) + מסי (ארגנטינה) VS. קיין (אנגליה) + רונאלדו (פורטוגל) + אמבפה (צרפת) VS. מאנה (סנגל), נסירי (מרוקו), סאלח (מצרים)**",ראש בראש כוכבים - התותחים הכבדים,specific_player_group_manual,locked_not_answered_now,האם כל השחקנים יבשלו ביחד לפחות 3 שערים לזכות נבחרתם בשלב הבתים ?,locked_not_answered_now,לא ידוע,לא נענה עכשיו לפי החלטת מנהל; ייסגר רק בסיום השלב/האירוע המתאים או עם override מפורש,pending
28,194,"דיאז (קולומביה) + ויניסיוס (ברזיל) + מסי (ארגנטינה) VS. קיין (אנגליה) + רונאלדו (פורטוגל) + אמבפה (צרפת) VS. מאנה (סנגל), נסירי (מרוקו), סאלח (מצרים)**",ראש בראש כוכבים - התותחים הכבדים,specific_player_group_manual,locked_not_answered_now,האם יישלף כרטיס אדום לאחד מהשחקנים בשלב הבתים ?,locked_not_answered_now,לא ידוע,לא נענה עכשיו לפי החלטת מנהל; ייסגר רק בסיום השלב/האירוע המתאים או עם override מפורש,pending
29,196,"דיאז (קולומביה) + ויניסיוס (ברזיל) + מסי (ארגנטינה) VS. קיין (אנגליה) + רונאלדו (פורטוגל) + אמבפה (צרפת) VS. מאנה (סנגל), נסירי (מרוקו), סאלח (מצרים)**",ראש בראש כוכבים - התותחים הכבדים,specific_player_group_manual,locked_not_answered_now,"מי מהשחקנים יכבוש ביותר משחקים יותר משער אחד למשחק (צמד, שלושער ועוד) בשלב הבתים ?",locked_not_answered_now,לא ידוע,לא נענה עכשיו לפי החלטת מנהל; ייסגר רק בסיום השלב/האירוע המתאים או עם override מפורש,pending
30,198,"דיאז (קולומביה) + ויניסיוס (ברזיל) + מסי (ארגנטינה) VS. קיין (אנגליה) + רונאלדו (פורטוגל) + אמבפה (צרפת) VS. מאנה (סנגל), נסירי (מרוקו), סאלח (מצרים)**",ראש בראש כוכבים - התותחים הכבדים,manual_context_required,locked_not_answered_now,"שחקנים מאיזו יבשת יכבשו יותר משער אחד למשחק (צמד, שלושער ועוד) בשלב הבתים ?",locked_not_answered_now,לא ידוע,לא נענה עכשיו לפי החלטת מנהל; ייסגר רק בסיום השלב/האירוע המתאים או עם override מפורש,pending
31,201,"דיאז (קולומביה) + ויניסיוס (ברזיל) + מסי (ארגנטינה) VS. קיין (אנגליה) + רונאלדו (פורטוגל) + אמבפה (צרפת) VS. מאנה (סנגל), נסירי (מרוקו), סאלח (מצרים)**",ראש בראש כוכבים - התותחים הכבדים,specific_player_group_manual,locked_not_answered_now,האם כל השחקנים יכבשו ביחד לפחות 5 צמדים (או יותר) בשלב הבתים ?,locked_not_answered_now,לא ידוע,לא נענה עכשיו לפי החלטת מנהל; ייסגר רק בסיום השלב/האירוע המתאים או עם override מפורש,pending
32,203,"דיאז (קולומביה) + ויניסיוס (ברזיל) + מסי (ארגנטינה) VS. קיין (אנגליה) + רונאלדו (פורטוגל) + אמבפה (צרפת) VS. מאנה (סנגל), נסירי (מרוקו), סאלח (מצרים)**",ראש בראש כוכבים - התותחים הכבדים,leader_or_superlative_do_not_close_early,locked_not_answered_now,מי מהשחקנים יחליף/יוחלף הכי הרבה פעמים בשלב הבתים ?,locked_not_answered_now,לא ידוע,לא נענה עכשיו לפי החלטת מנהל; ייסגר רק בסיום השלב/האירוע המתאים או עם override מפורש,pending
33,205,"דיאז (קולומביה) + ויניסיוס (ברזיל) + מסי (ארגנטינה) VS. קיין (אנגליה) + רונאלדו (פורטוגל) + אמבפה (צרפת) VS. מאנה (סנגל), נסירי (מרוקו), סאלח (מצרים)**",ראש בראש כוכבים - התותחים הכבדים,manual_context_required,locked_not_answered_now,שחקנים מאיזו יבשת יוחלפו/יחליפו יותר פעמים בשלב הבתים ? (**),locked_not_answered_now,לא ידוע,לא נענה עכשיו לפי החלטת מנהל; ייסגר רק בסיום השלב/האירוע המתאים או עם override מפורש,pending
34,208,"דיאז (קולומביה) + ויניסיוס (ברזיל) + מסי (ארגנטינה) VS. קיין (אנגליה) + רונאלדו (פורטוגל) + אמבפה (צרפת) VS. מאנה (סנגל), נסירי (מרוקו), סאלח (מצרים)**",ראש בראש כוכבים - התותחים הכבדים,manual_context_required,locked_not_answered_now,לאיזו יבשת יהיו יותר ניצחונות בשלב הבתים של הנבחרות עם השחקנים המופיעים בראש בראש ?,locked_not_answered_now,לא ידוע,לא נענה עכשיו לפי החלטת מנהל; ייסגר רק בסיום השלב/האירוע המתאים או עם override מפורש,pending
35,259,בונוס עולות | 6,לא מסווג - דורש בדיקת מנהל,threshold_or_yes_no_manual,manual_context_required,האם יישרקו לפחות 7 פנדלים בשלב 1/16 הגמר ?,manual_context_required,לא ידוע,צריך כלל ידני/מקור/החלטת מנהל,pending
36,261,בונוס עולות | 6,לא מסווג - דורש בדיקת מנהל,threshold_or_yes_no_manual,manual_context_required,האם יהיה משחק שיגמר בהפרש של 5 שערים ומעלה ?,manual_context_required,לא ידוע,צריך כלל ידני/מקור/החלטת מנהל,pending
37,263,בונוס עולות | 6,לא מסווג - דורש בדיקת מנהל,threshold_or_yes_no_manual,manual_context_required,"מס' השערים הגדול ביותר ב- 1/16 שיובקע במשחק אחד ע""י קבוצה אחת (לא כולל הארכה ופנדלים)",manual_context_required,לא ידוע,צריך כלל ידני/מקור/החלטת מנהל,pending
38,265,בונוס עולות | 6,לא מסווג - דורש בדיקת מנהל,threshold_or_yes_no_manual,manual_context_required,"מס' השערים הגדול ביותר ב- 1/16 שיובקע במשחק אחד ע""י שתי הקבוצות (לא כולל הארכה ופנדלים)",manual_context_required,לא ידוע,צריך כלל ידני/מקור/החלטת מנהל,pending
39,267,בונוס עולות | 6,לא מסווג - דורש בדיקת מנהל,threshold_or_yes_no_manual,manual_context_required,האם יהיו לפחות 4 שחקנים שיכבשו צמד שערים (או יותר) במשחק אחד לזכות קבוצתם ?,manual_context_required,לא ידוע,צריך כלל ידני/מקור/החלטת מנהל,pending
40,269,בונוס עולות | 6,לא מסווג - דורש בדיקת מנהל,threshold_or_yes_no_manual,manual_context_required,האם יקרה מצב של מהפך בתוצאה בלפחות שלושה משחקי 1/16 הגמר ? (***),manual_context_required,לא ידוע,צריך כלל ידני/מקור/החלטת מנהל,pending
41,271,בונוס עולות | 6,לא מסווג - דורש בדיקת מנהל,threshold_or_yes_no_manual,manual_context_required,האם יישלפו לפחות 3 כרטיסים אדומים במשחקי 1/16 הגמר ?,manual_context_required,לא ידוע,צריך כלל ידני/מקור/החלטת מנהל,pending
42,273,בונוס עולות | 6,לא מסווג - דורש בדיקת מנהל,threshold_or_yes_no_manual,manual_context_required,הדקה בה יובקע השער המהיר בשלב 1/16 הגמר ?,manual_context_required,לא ידוע,צריך כלל ידני/מקור/החלטת מנהל,pending
43,275,בונוס עולות | 6,לא מסווג - דורש בדיקת מנהל,threshold_or_yes_no_manual,manual_context_required,הדקה בה יובקע השער המאוחר בשלב 1/16 הגמר ? (ללא הארכה),manual_context_required,לא ידוע,צריך כלל ידני/מקור/החלטת מנהל,pending
44,277,בונוס עולות | 6,לא מסווג - דורש בדיקת מנהל,threshold_or_yes_no_manual,manual_context_required,האם ייכבש לפחות שער עצמי אחד במשחקי 1/16 הגמר ?,manual_context_required,לא ידוע,צריך כלל ידני/מקור/החלטת מנהל,pending
45,301,בונוס עולות | 16,לא מסווג - דורש בדיקת מנהל,threshold_or_yes_no_manual,manual_context_required,האם יישרקו לפחות 4 פנדלים בשלב שמינית הגמר ?,manual_context_required,לא ידוע,צריך כלל ידני/מקור/החלטת מנהל,pending
46,303,בונוס עולות | 16,לא מסווג - דורש בדיקת מנהל,threshold_or_yes_no_manual,manual_context_required,האם יהיה משחק שיגמר בהפרש של 4 שערים ומעלה ?,manual_context_required,לא ידוע,צריך כלל ידני/מקור/החלטת מנהל,pending
47,305,בונוס עולות | 16,לא מסווג - דורש בדיקת מנהל,threshold_or_yes_no_manual,manual_context_required,"מס' השערים הגדול ביותר בשמינית שיובקע במשחק אחד ע""י קבוצה אחת (לא כולל הארכה ופנדלים)",manual_context_required,לא ידוע,צריך כלל ידני/מקור/החלטת מנהל,pending
48,307,בונוס עולות | 16,לא מסווג - דורש בדיקת מנהל,threshold_or_yes_no_manual,manual_context_required,"מס' השערים הגדול ביותר בשמינית שיובקע במשחק אחד ע""י שתי הקבוצות (לא כולל הארכה ופנדלים)",manual_context_required,לא ידוע,צריך כלל ידני/מקור/החלטת מנהל,pending
49,309,בונוס עולות | 16,לא מסווג - דורש בדיקת מנהל,threshold_or_yes_no_manual,manual_context_required,האם יהיו לפחות 2 שחקנים שיכבשו צמד שערים (או יותר) במשחק אחד לזכות קבוצתם ?,manual_context_required,לא ידוע,צריך כלל ידני/מקור/החלטת מנהל,pending
50,311,בונוס עולות | 16,לא מסווג - דורש בדיקת מנהל,threshold_or_yes_no_manual,manual_context_required,האם יקרה מצב של מהפך בתוצאה בלפחות שני משחקי שמינית הגמר ? (***),manual_context_required,לא ידוע,צריך כלל ידני/מקור/החלטת מנהל,pending
51,313,בונוס עולות | 16,לא מסווג - דורש בדיקת מנהל,threshold_or_yes_no_manual,manual_context_required,האם יישלפו לפחות 2 כרטיסים אדומים במשחקי שמינית הגמר ?,manual_context_required,לא ידוע,צריך כלל ידני/מקור/החלטת מנהל,pending
52,315,בונוס עולות | 16,לא מסווג - דורש בדיקת מנהל,threshold_or_yes_no_manual,manual_context_required,הדקה בה יובקע השער המהיר בשלב שמינית הגמר ?,manual_context_required,לא ידוע,צריך כלל ידני/מקור/החלטת מנהל,pending
53,317,בונוס עולות | 16,לא מסווג - דורש בדיקת מנהל,threshold_or_yes_no_manual,manual_context_required,הדקה בה יובקע השער המאוחר בשלב שמינית הגמר ? (ללא הארכה),manual_context_required,לא ידוע,צריך כלל ידני/מקור/החלטת מנהל,pending
54,319,בונוס עולות | 16,לא מסווג - דורש בדיקת מנהל,threshold_or_yes_no_manual,manual_context_required,האם בלפחות 6 משחקים בשמינית הגמר ייכבש שער במחצית הראשונה ?,manual_context_required,לא ידוע,צריך כלל ידני/מקור/החלטת מנהל,pending
55,335,בונוס עולות | 16,לא מסווג - דורש בדיקת מנהל,threshold_or_yes_no_manual,manual_context_required,האם יישרקו לפחות 2 פנדלים בשלב רבע הגמר ?,manual_context_required,לא ידוע,צריך כלל ידני/מקור/החלטת מנהל,pending
56,337,בונוס עולות | 16,לא מסווג - דורש בדיקת מנהל,threshold_or_yes_no_manual,manual_context_required,האם יהיה משחק ברבע הגמר שיגמר בהפרש של 3 שערים ומעלה ?,manual_context_required,לא ידוע,צריך כלל ידני/מקור/החלטת מנהל,pending
57,339,בונוס עולות | 16,לא מסווג - דורש בדיקת מנהל,threshold_or_yes_no_manual,manual_context_required,"מס' השערים הגדול ביותר ברבע הגמר שיובקע במשחק אחד ע""י קבוצה אחת (לא כולל הארכה ופנדלים)",manual_context_required,לא ידוע,צריך כלל ידני/מקור/החלטת מנהל,pending
58,341,בונוס עולות | 16,לא מסווג - דורש בדיקת מנהל,threshold_or_yes_no_manual,manual_context_required,"מס' השערים הגדול ביותר ברבע הגמר שיובקע במשחק אחד ע""י 2 הקבוצות (לא כולל הארכה ופנדלים)",manual_context_required,לא ידוע,צריך כלל ידני/מקור/החלטת מנהל,pending
59,343,בונוס עולות | 16,לא מסווג - דורש בדיקת מנהל,threshold_or_yes_no_manual,manual_context_required,האם יהיה ברבע הגמר שחקן שיכבוש צמד שערים (או יותר) במשחק אחד לזכות קבוצתו ?,manual_context_required,לא ידוע,צריך כלל ידני/מקור/החלטת מנהל,pending
60,345,בונוס עולות | 16,לא מסווג - דורש בדיקת מנהל,threshold_or_yes_no_manual,manual_context_required,האם יקרה מצב של מהפך בתוצאה באחד ממשחקי רבע הגמר ? (***),manual_context_required,לא ידוע,צריך כלל ידני/מקור/החלטת מנהל,pending
61,347,בונוס עולות | 16,לא מסווג - דורש בדיקת מנהל,threshold_or_yes_no_manual,manual_context_required,האם יישלף לפחות כרטיס אדום אחד במשחקי רבע הגמר ?,manual_context_required,לא ידוע,צריך כלל ידני/מקור/החלטת מנהל,pending
62,349,בונוס עולות | 16,לא מסווג - דורש בדיקת מנהל,threshold_or_yes_no_manual,manual_context_required,הדקה בה יובקע השער המהיר בשלב רבע הגמר ?,manual_context_required,לא ידוע,צריך כלל ידני/מקור/החלטת מנהל,pending
63,351,בונוס עולות | 16,לא מסווג - דורש בדיקת מנהל,threshold_or_yes_no_manual,manual_context_required,הדקה בה יובקע השער המאוחר בשלב רבע הגמר ? (ללא הארכה),manual_context_required,לא ידוע,צריך כלל ידני/מקור/החלטת מנהל,pending
64,353,בונוס עולות | 16,לא מסווג - דורש בדיקת מנהל,threshold_or_yes_no_manual,manual_context_required,האם בלפחות 3 משחקים ברבע הגמר ייכבש שער במחצית הראשונה ?,manual_context_required,לא ידוע,צריך כלל ידני/מקור/החלטת מנהל,pending
65,365,בונוס עולות | 8,לא מסווג - דורש בדיקת מנהל,threshold_or_yes_no_manual,manual_context_required,האם יישרק לפחות פנדל אחד בשלב חצי הגמר ?,manual_context_required,לא ידוע,צריך כלל ידני/מקור/החלטת מנהל,pending
66,367,בונוס עולות | 8,לא מסווג - דורש בדיקת מנהל,threshold_or_yes_no_manual,manual_context_required,האם יהיה משחק בחצי הגמר שיגמר בהפרש של 3 שערים ומעלה ?,manual_context_required,לא ידוע,צריך כלל ידני/מקור/החלטת מנהל,pending
67,369,בונוס עולות | 8,לא מסווג - דורש בדיקת מנהל,threshold_or_yes_no_manual,manual_context_required,"מס' השערים הגדול ביותר בחצי הגמר שיובקע במשחק אחד ע""י קבוצה אחת (לא כולל הארכה ופנדלים)",manual_context_required,לא ידוע,צריך כלל ידני/מקור/החלטת מנהל,pending
68,371,בונוס עולות | 8,לא מסווג - דורש בדיקת מנהל,threshold_or_yes_no_manual,manual_context_required,"מס' השערים הגדול ביותר בחצי הגמר שיובקע במשחק אחד ע""י 2 הקבוצות (לא כולל הארכה ופנדלים)",manual_context_required,לא ידוע,צריך כלל ידני/מקור/החלטת מנהל,pending
69,373,בונוס עולות | 8,לא מסווג - דורש בדיקת מנהל,threshold_or_yes_no_manual,manual_context_required,האם יהיה בחצי הגמר שחקן שיכבוש צמד שערים (או יותר) במשחק אחד לזכות קבוצתו ?,manual_context_required,לא ידוע,צריך כלל ידני/מקור/החלטת מנהל,pending
70,375,בונוס עולות | 8,לא מסווג - דורש בדיקת מנהל,threshold_or_yes_no_manual,manual_context_required,האם יקרה מצב של מהפך בתוצאה באחד ממשחקי חצי הגמר ? (***),manual_context_required,לא ידוע,צריך כלל ידני/מקור/החלטת מנהל,pending
71,377,בונוס עולות | 8,לא מסווג - דורש בדיקת מנהל,threshold_or_yes_no_manual,manual_context_required,האם יישלף לפחות כרטיס אדום אחד במשחקי חצי הגמר ?,manual_context_required,לא ידוע,צריך כלל ידני/מקור/החלטת מנהל,pending
72,379,בונוס עולות | 8,לא מסווג - דורש בדיקת מנהל,threshold_or_yes_no_manual,manual_context_required,הדקה בה יובקע השער המהיר בשלב חצי הגמר ?,manual_context_required,לא ידוע,צריך כלל ידני/מקור/החלטת מנהל,pending
73,381,בונוס עולות | 8,לא מסווג - דורש בדיקת מנהל,threshold_or_yes_no_manual,manual_context_required,הדקה בה יובקע השער המאוחר בשלב חצי הגמר ? (ללא הארכה),manual_context_required,לא ידוע,צריך כלל ידני/מקור/החלטת מנהל,pending
74,383,בונוס עולות | 8,לא מסווג - דורש בדיקת מנהל,threshold_or_yes_no_manual,manual_context_required,האם בכל אחד משני משחקי חצי הגמר ייכבש שער במחצית הראשונה ?,manual_context_required,לא ידוע,צריך כלל ידני/מקור/החלטת מנהל,pending
75,395,"(*) ""הניחושים המיוחדים""",כל הטורניר,leader_or_superlative_do_not_close_early,locked_not_answered_now,מלך השערים של הטורניר,locked_not_answered_now,לא ידוע + מס' השערים שיבקיע,לא נענה עכשיו לפי החלטת מנהל; ייסגר רק בסיום השלב/האירוע המתאים או עם override מפורש,pending
76,397,"(*) ""הניחושים המיוחדים""",לא מסווג - דורש בדיקת מנהל,leader_or_superlative_do_not_close_early,locked_not_answered_now,מלך הבישולים של הטורניר,locked_not_answered_now,לא ידוע + מס' השערים שיבשל,לא נענה עכשיו לפי החלטת מנהל; ייסגר רק בסיום השלב/האירוע המתאים או עם override מפורש,pending
77,399,"(*) ""הניחושים המיוחדים""",לא מסווג - דורש בדיקת מנהל,leader_or_superlative_do_not_close_early,locked_not_answered_now,הנבחרת שיישרקו לזכותה הכי הרבה פנדלים בטורניר,locked_not_answered_now,לא ידוע + מס' הפנדלים שיישרקו: לא ידוע,לא נענה עכשיו לפי החלטת מנהל; ייסגר רק בסיום השלב/האירוע המתאים או עם override מפורש,pending
78,401,"(*) ""הניחושים המיוחדים""",לא מסווג - דורש בדיקת מנהל,leader_or_superlative_do_not_close_early,locked_not_answered_now,הנבחרת שיישרקו לחובתה הכי הרבה פנדלים בטורניר,locked_not_answered_now,לא ידוע + מס' הפנדלים שיישרקו: לא ידוע,לא נענה עכשיו לפי החלטת מנהל; ייסגר רק בסיום השלב/האירוע המתאים או עם override מפורש,pending
79,403,"(*) ""הניחושים המיוחדים""",לא מסווג - דורש בדיקת מנהל,leader_or_superlative_do_not_close_early,locked_not_answered_now,הנבחרת שתכבוש הכי הרבה שערים בטורניר,locked_not_answered_now,לא ידוע + מס' השערים שתבקיע: לא ידוע,לא נענה עכשיו לפי החלטת מנהל; ייסגר רק בסיום השלב/האירוע המתאים או עם override מפורש,pending
80,405,"(*) ""הניחושים המיוחדים""",לא מסווג - דורש בדיקת מנהל,threshold_or_yes_no_manual,locked_not_answered_now,"מס' השערים הגדול ביותר שיובקע במשחק אחד ע""י שתי הקבוצות (לא כולל הארכה ופנדלים)",locked_not_answered_now,לא ידוע,לא נענה עכשיו לפי החלטת מנהל; ייסגר רק בסיום השלב/האירוע המתאים או עם override מפורש,pending
81,407,"(*) ""הניחושים המיוחדים""",לא מסווג - דורש בדיקת מנהל,threshold_or_yes_no_manual,locked_not_answered_now,"מס' השערים הגדול ביותר שיובקע במשחק אחד ע""י קבוצה אחת (לא כולל הארכה ופנדלים)",locked_not_answered_now,לא ידוע,לא נענה עכשיו לפי החלטת מנהל; ייסגר רק בסיום השלב/האירוע המתאים או עם override מפורש,pending
82,409,"(*) ""הניחושים המיוחדים""",לא מסווג - דורש בדיקת מנהל,threshold_or_yes_no_manual,locked_not_answered_now,"מס' השערים הגדול ביותר שיובקע ע""י הקבוצה המפסידה במשחק (ב- 90 דקות)",locked_not_answered_now,לא ידוע,לא נענה עכשיו לפי החלטת מנהל; ייסגר רק בסיום השלב/האירוע המתאים או עם override מפורש,pending
83,411,"(*) ""הניחושים המיוחדים""",לא מסווג - דורש בדיקת מנהל,leader_or_superlative_do_not_close_early,locked_not_answered_now,הפרש השערים הגדול ביותר בניצחון של קבוצה במהלך משחק בטורניר,locked_not_answered_now,לא ידוע,לא נענה עכשיו לפי החלטת מנהל; ייסגר רק בסיום השלב/האירוע המתאים או עם override מפורש,pending
84,413,"(*) ""הניחושים המיוחדים""",לא מסווג - דורש בדיקת מנהל,leader_or_superlative_do_not_close_early,locked_not_answered_now,הפרש השערים הגדול ביותר במחצית המשחק,locked_not_answered_now,לא ידוע,לא נענה עכשיו לפי החלטת מנהל; ייסגר רק בסיום השלב/האירוע המתאים או עם override מפורש,pending
85,415,"(*) ""הניחושים המיוחדים""",לא מסווג - דורש בדיקת מנהל,threshold_or_yes_no_manual,locked_not_answered_now,מס' השערים שיובקעו בתוספות הזמן של המשחקים במהלך הטורניר (מעבר לדקה 90 ו- 120),locked_not_answered_now,לא ידוע,לא נענה עכשיו לפי החלטת מנהל; ייסגר רק בסיום השלב/האירוע המתאים או עם override מפורש,pending
86,417,"(*) ""הניחושים המיוחדים""",לא מסווג - דורש בדיקת מנהל,manual_context_required,locked_not_answered_now,תוצאת התיקו הגבוהה שתהיה במהלך הטורניר בתום 90 דקות,locked_not_answered_now,לא ידוע,לא נענה עכשיו לפי החלטת מנהל; ייסגר רק בסיום השלב/האירוע המתאים או עם override מפורש,pending
87,419,"(*) ""הניחושים המיוחדים""",לא מסווג - דורש בדיקת מנהל,manual_context_required,locked_not_answered_now,תוצאת התיקו השכיחה שתהיה במהלך הטורניר בתום 90 דקות,locked_not_answered_now,לא ידוע,לא נענה עכשיו לפי החלטת מנהל; ייסגר רק בסיום השלב/האירוע המתאים או עם override מפורש,pending
88,421,"(*) ""הניחושים המיוחדים""",לא מסווג - דורש בדיקת מנהל,leader_or_superlative_do_not_close_early,locked_not_answered_now,התוצאה השכיחה ביותר שתהיה במהלך הטורניר בתום 90 דקות,locked_not_answered_now,לא ידוע,לא נענה עכשיו לפי החלטת מנהל; ייסגר רק בסיום השלב/האירוע המתאים או עם override מפורש,pending
89,423,"(*) ""הניחושים המיוחדים""",לא מסווג - דורש בדיקת מנהל,leader_or_superlative_do_not_close_early,locked_not_answered_now,מס' המשחקים אשר יכנסו להארכה,locked_not_answered_now,לא ידוע,לא נענה עכשיו לפי החלטת מנהל; ייסגר רק בסיום השלב/האירוע המתאים או עם override מפורש,pending
90,425,"(*) ""הניחושים המיוחדים""",לא מסווג - דורש בדיקת מנהל,leader_or_superlative_do_not_close_early,locked_not_answered_now,מס' המשחקים אשר יוכרעו בפנדלים,locked_not_answered_now,לא ידוע,לא נענה עכשיו לפי החלטת מנהל; ייסגר רק בסיום השלב/האירוע המתאים או עם override מפורש,pending
91,427,"(*) ""הניחושים המיוחדים""",לא מסווג - דורש בדיקת מנהל,leader_or_superlative_do_not_close_early,locked_not_answered_now,"מס' הפנדלים הרב ביותר שייפסקו במשחק אחד (כולל הארכה, לא כולל דו קרב פנדלים)",locked_not_answered_now,לא ידוע,לא נענה עכשיו לפי החלטת מנהל; ייסגר רק בסיום השלב/האירוע המתאים או עם override מפורש,pending
92,429,"(*) ""הניחושים המיוחדים""",לא מסווג - דורש בדיקת מנהל,leader_or_superlative_do_not_close_early,locked_not_answered_now,מס' המורחקים הרב ביותר שיורחקו במשחק אחד (כולל הארכה),locked_not_answered_now,לא ידוע,לא נענה עכשיו לפי החלטת מנהל; ייסגר רק בסיום השלב/האירוע המתאים או עם override מפורש,pending
93,431,"(*) ""הניחושים המיוחדים""",לא מסווג - דורש בדיקת מנהל,leader_or_superlative_do_not_close_early,locked_not_answered_now,מס' הפנדלים הרב ביותר שייבעטו במסגרת דו קרב פנדלים (**),locked_not_answered_now,לא ידוע,לא נענה עכשיו לפי החלטת מנהל; ייסגר רק בסיום השלב/האירוע המתאים או עם override מפורש,pending
94,433,"(*) ""הניחושים המיוחדים""",לא מסווג - דורש בדיקת מנהל,leader_or_superlative_do_not_close_early,locked_not_answered_now,מס' הפנדלים המוחמצים הגדול ביותר של קבוצה אחת בדו קרב פנדלים (**),locked_not_answered_now,לא ידוע,לא נענה עכשיו לפי החלטת מנהל; ייסגר רק בסיום השלב/האירוע המתאים או עם override מפורש,pending
95,435,"(*) ""הניחושים המיוחדים""",לא מסווג - דורש בדיקת מנהל,leader_or_superlative_do_not_close_early,locked_not_answered_now,מס' הפנדלים המוחמצים הגדול ביותר של שתי הקבוצות בדו קרב פנדלים (**),locked_not_answered_now,לא ידוע,לא נענה עכשיו לפי החלטת מנהל; ייסגר רק בסיום השלב/האירוע המתאים או עם override מפורש,pending
96,437,"(*) ""הניחושים המיוחדים""",לא מסווג - דורש בדיקת מנהל,threshold_or_yes_no_manual,locked_not_answered_now,הדקה בה יובקע השער המהיר בטורניר,locked_not_answered_now,לא ידוע,לא נענה עכשיו לפי החלטת מנהל; ייסגר רק בסיום השלב/האירוע המתאים או עם override מפורש,pending
97,439,"(*) ""הניחושים המיוחדים""",לא מסווג - דורש בדיקת מנהל,threshold_or_yes_no_manual,locked_not_answered_now,הדקה בה יובקע השער המאוחר בטורניר (ללא הארכה),locked_not_answered_now,לא ידוע,לא נענה עכשיו לפי החלטת מנהל; ייסגר רק בסיום השלב/האירוע המתאים או עם override מפורש,pending
98,441,"(*) ""הניחושים המיוחדים""",לא מסווג - דורש בדיקת מנהל,threshold_or_yes_no_manual,locked_not_answered_now,הדקה בה יישלף הכרטיס האדום הכי מהיר בטורניר,locked_not_answered_now,לא ידוע,לא נענה עכשיו לפי החלטת מנהל; ייסגר רק בסיום השלב/האירוע המתאים או עם override מפורש,pending
99,443,"(*) ""הניחושים המיוחדים""",לא מסווג - דורש בדיקת מנהל,threshold_or_yes_no_manual,locked_not_answered_now,הדקה בה יישלף הכרטיס האדום הכי מאוחר בטורניר,already_closed,תוספת הזמן,לא נוגע - כבר סגור/מאומת,verified_uploaded_file
100,445,"(*) ""הניחושים המיוחדים""",לא מסווג - דורש בדיקת מנהל,leader_or_superlative_do_not_close_early,locked_not_answered_now,מס' השערים הגדול ביותר שתכבוש קבוצה אחת במהלך הארכה אחת (***),locked_not_answered_now,לא ידוע,לא נענה עכשיו לפי החלטת מנהל; ייסגר רק בסיום השלב/האירוע המתאים או עם override מפורש,pending
101,447,"(*) ""הניחושים המיוחדים""",לא מסווג - דורש בדיקת מנהל,leader_or_superlative_do_not_close_early,locked_not_answered_now,מס' השערים הגדול ביותר שיכבשו שתי הקבוצות במהלך הארכה אחת (***),locked_not_answered_now,לא ידוע,לא נענה עכשיו לפי החלטת מנהל; ייסגר רק בסיום השלב/האירוע המתאים או עם override מפורש,pending
102,449,"(*) ""הניחושים המיוחדים""",כל הטורניר,leader_or_superlative_do_not_close_early,locked_not_answered_now,הנבחרת הזוכה בטורניר,locked_not_answered_now,לא ידוע,לא נענה עכשיו לפי החלטת מנהל; ייסגר רק בסיום השלב/האירוע המתאים או עם override מפורש,pending
103,454,"(*) ""המסלול המהיר"" | כן/לא",לא מסווג - דורש בדיקת מנהל,threshold_or_yes_no_manual,fast_track_daily_check,האם יוחמצו לפחות 6 פנדלים במסגרת משחקי שלב הבתים ?,fast_track_daily_check_required,לא ידוע,לבדוק אחרי יום משחקים; לסגור רק אם התנאי קרה בוודאות עם מקור,fast_track_daily_check_required
104,456,"(*) ""המסלול המהיר"" | כן/לא",לא מסווג - דורש בדיקת מנהל,threshold_or_yes_no_manual,fast_track_daily_check,האם תהיינה לפחות 2 קבוצות אשר יפסידו בכל שלושת משחקי שלב הבתים ?,fast_track_daily_check_required,לא ידוע,לבדוק אחרי יום משחקים; לסגור רק אם התנאי קרה בוודאות עם מקור,fast_track_daily_check_required
105,458,"(*) ""המסלול המהיר"" | כן/לא",לא מסווג - דורש בדיקת מנהל,threshold_or_yes_no_manual,fast_track_daily_check,האם תהיינה לפחות 2 נבחרות אשר תנצחנה בכל שלושת משחקי שלב הבתים ?,fast_track_daily_check_required,לא ידוע,לבדוק אחרי יום משחקים; לסגור רק אם התנאי קרה בוודאות עם מקור,fast_track_daily_check_required
106,460,"(*) ""המסלול המהיר"" | כן/לא",לא מסווג - דורש בדיקת מנהל,threshold_or_yes_no_manual,fast_track_daily_check,האם תהיה נבחרת שלא תבקיע לפחות 2 שערים בשלב הבתים ?,fast_track_daily_check_required,לא ידוע,לבדוק אחרי יום משחקים; לסגור רק אם התנאי קרה בוודאות עם מקור,fast_track_daily_check_required
107,462,"(*) ""המסלול המהיר"" | כן/לא",לא מסווג - דורש בדיקת מנהל,threshold_or_yes_no_manual,fast_track_daily_check,האם תהיה נבחרת שלא תספוג יותר משער אחד בשלב הבתים ?,fast_track_daily_check_required,לא ידוע,לבדוק אחרי יום משחקים; לסגור רק אם התנאי קרה בוודאות עם מקור,fast_track_daily_check_required
108,464,"(*) ""המסלול המהיר"" | כן/לא",לא מסווג - דורש בדיקת מנהל,threshold_or_yes_no_manual,fast_track_daily_check,האם תהיינה לפחות 4 קבוצות שלא תנצחנה אפילו משחק אחד בשלב הבתים ?,fast_track_daily_check_required,לא ידוע,לבדוק אחרי יום משחקים; לסגור רק אם התנאי קרה בוודאות עם מקור,fast_track_daily_check_required
109,466,"(*) ""המסלול המהיר"" | כן/לא",לא מסווג - דורש בדיקת מנהל,threshold_or_yes_no_manual,fast_track_daily_check,האם תהיינה לפחות 5 קבוצות שלא תפסדנה אפילו משחק אחד בשלב הבתים ?,fast_track_daily_check_required,לא ידוע,לבדוק אחרי יום משחקים; לסגור רק אם התנאי קרה בוודאות עם מקור,fast_track_daily_check_required
110,468,"(*) ""המסלול המהיר"" | כן/לא",לא מסווג - דורש בדיקת מנהל,threshold_or_yes_no_manual,fast_track_daily_check,האם מצב של מהפך (קבוצה שנקלעה לפיגור וסיימה כמנצחת ב- 90 דקות) יקרה בלפחות שלושה משחקים בשלב הבתים ? (***),fast_track_daily_check_required,לא ידוע,לבדוק אחרי יום משחקים; לסגור רק אם התנאי קרה בוודאות עם מקור,fast_track_daily_check_required
111,470,"(*) ""המסלול המהיר"" | כן/לא",לא מסווג - דורש בדיקת מנהל,threshold_or_yes_no_manual,fast_track_daily_check,האם יהיה לפחות שחקן אחד שיבקיע לזכות קבוצתו בכל שלושת משחקי שלב הבתים ?,fast_track_daily_check_required,לא ידוע,לבדוק אחרי יום משחקים; לסגור רק אם התנאי קרה בוודאות עם מקור,fast_track_daily_check_required
112,472,"(*) ""המסלול המהיר"" | כן/לא",לא מסווג - דורש בדיקת מנהל,threshold_or_yes_no_manual,fast_track_daily_check,האם יהיו לפחות 3 משחקים בטורניר בהם לא יישלפו כלל כרטיסים (צהובים/אדומים) במשחק ?,fast_track_daily_check_required,לא ידוע,לבדוק אחרי יום משחקים; לסגור רק אם התנאי קרה בוודאות עם מקור,fast_track_daily_check_required
113,474,"(*) ""המסלול המהיר"" | כן/לא",לא מסווג - דורש בדיקת מנהל,threshold_or_yes_no_manual,fast_track_daily_check,האם יובקעו לפחות 3 שערים עצמיים בטורניר ?,fast_track_daily_check_required,לא ידוע,לבדוק אחרי יום משחקים; לסגור רק אם התנאי קרה בוודאות עם מקור,fast_track_daily_check_required
114,476,"(*) ""המסלול המהיר"" | כן/לא",לא מסווג - דורש בדיקת מנהל,threshold_or_yes_no_manual,fast_track_daily_check,האם לפחות שחקן אחד יבקיע שלושער (או יותר) במשחק לאורך הטורניר ?,fast_track_daily_check_required,לא ידוע,לבדוק אחרי יום משחקים; לסגור רק אם התנאי קרה בוודאות עם מקור,fast_track_daily_check_required
115,478,"(*) ""המסלול המהיר"" | כן/לא",לא מסווג - דורש בדיקת מנהל,threshold_or_yes_no_manual,fast_track_daily_check,האם לפחות 2 שחקנים יבקיעו ביותר משני משחקים צמד (או יותר) שערים לזכות קבוצתם לאורך הטורניר ?,fast_track_daily_check_required,לא ידוע,לבדוק אחרי יום משחקים; לסגור רק אם התנאי קרה בוודאות עם מקור,fast_track_daily_check_required
116,480,"(*) ""המסלול המהיר"" | כן/לא",לא מסווג - דורש בדיקת מנהל,threshold_or_yes_no_manual,fast_track_daily_check,"האם יובקע לפחות שער אחד בטורניר ע""י שחקן מחליף בתוך 2 דקות מרגע כניסתו למגרש ?",already_closed,כן,לא נוגע - כבר סגור/מאומת,verified_external
117,482,"(*) ""המסלול המהיר"" | כן/לא",לא מסווג - דורש בדיקת מנהל,threshold_or_yes_no_manual,fast_track_daily_check,האם בטורניר יישלפו לפחות 2 כרטיסים אדומים במחצית הראשונה (עד שריקת המחצית) ?,fast_track_daily_check_required,לא ידוע,לבדוק אחרי יום משחקים; לסגור רק אם התנאי קרה בוודאות עם מקור,fast_track_daily_check_required
118,484,"(*) ""המסלול המהיר"" | כן/לא",לא מסווג - דורש בדיקת מנהל,threshold_or_yes_no_manual,fast_track_daily_check,האם יהיו לפחות 2 משחקים בטורניר בהם יהיה חילוף ב- 15 דקות הראשונות של המשחק ?,fast_track_daily_check_required,לא ידוע,לבדוק אחרי יום משחקים; לסגור רק אם התנאי קרה בוודאות עם מקור,fast_track_daily_check_required
119,486,"(*) ""המסלול המהיר"" | כן/לא",לא מסווג - דורש בדיקת מנהל,threshold_or_yes_no_manual,fast_track_daily_check,האם במהלך הטורניר יהיה מצב בו שחקן שנכנס כמחליף יוחלף בעצמו ?,fast_track_daily_check_required,לא ידוע,לבדוק אחרי יום משחקים; לסגור רק אם התנאי קרה בוודאות עם מקור,fast_track_daily_check_required
120,488,"(*) ""המסלול המהיר"" | כן/לא",לא מסווג - דורש בדיקת מנהל,threshold_or_yes_no_manual,fast_track_daily_check,"האם במהלך הטורניר יהיה משחק במהלכו שוער יוחלף ישירות ע""י שוער אחר ?",fast_track_daily_check_required,לא ידוע,לבדוק אחרי יום משחקים; לסגור רק אם התנאי קרה בוודאות עם מקור,fast_track_daily_check_required
121,490,"(*) ""המסלול המהיר"" | כן/לא",לא מסווג - דורש בדיקת מנהל,threshold_or_yes_no_manual,fast_track_daily_check,האם במהלך הטורניר יהיה משחק בו יובקעו שני שערים בהפרש של דקה אחת ?,fast_track_daily_check_required,לא ידוע,לבדוק אחרי יום משחקים; לסגור רק אם התנאי קרה בוודאות עם מקור,fast_track_daily_check_required
122,492,"(*) ""המסלול המהיר"" | כן/לא",לא מסווג - דורש בדיקת מנהל,threshold_or_yes_no_manual,fast_track_daily_check,האם תהיה קבוצה בטורניר שתשתתף ביותר מדו קרב פנדלים אחד ? (********),fast_track_daily_check_required,לא ידוע,לבדוק אחרי יום משחקים; לסגור רק אם התנאי קרה בוודאות עם מקור,fast_track_daily_check_required
123,494,"(*) ""המסלול המהיר"" | כן/לא",לא מסווג - דורש בדיקת מנהל,threshold_or_yes_no_manual,fast_track_daily_check,האם תהיינה לפחות 2 קבוצות בטורניר שיבקיעו רביעיית שערים (או יותר) ביותר ממשחק אחד (כולל הארכה) ?,fast_track_daily_check_required,לא ידוע,לבדוק אחרי יום משחקים; לסגור רק אם התנאי קרה בוודאות עם מקור,fast_track_daily_check_required
124,496,"(*) ""המסלול המהיר"" | כן/לא",לא מסווג - דורש בדיקת מנהל,threshold_or_yes_no_manual,fast_track_daily_check,האם תהינה לפחות 2 קבוצות בטורניר שיצליחו להבקיע שער זכות לאחר שיורחק להן שחקן בכרטיס אדום (כולל הארכה) ?,fast_track_daily_check_required,לא ידוע,לבדוק אחרי יום משחקים; לסגור רק אם התנאי קרה בוודאות עם מקור,fast_track_daily_check_required
125,498,"(*) ""המסלול המהיר"" | כן/לא",לא מסווג - דורש בדיקת מנהל,threshold_or_yes_no_manual,fast_track_daily_check,האם תהיה קבוצה בטורניר שיישלפו לה כרטיסים אדומים ביותר מ- 2 משחקים במהלך הטורניר ?,fast_track_daily_check_required,לא ידוע,לבדוק אחרי יום משחקים; לסגור רק אם התנאי קרה בוודאות עם מקור,fast_track_daily_check_required
126,500,"(*) ""המסלול המהיר"" | כן/לא",לא מסווג - דורש בדיקת מנהל,threshold_or_yes_no_manual,fast_track_daily_check,האם יהיו לפחות 2 משחקים בטורניר בהם קבוצה תחזור מפיגור של 2 שערים למצב של תיקו או ניצחון (ב- 90 דקות) ?,fast_track_daily_check_required,לא ידוע,לבדוק אחרי יום משחקים; לסגור רק אם התנאי קרה בוודאות עם מקור,fast_track_daily_check_required
127,505,"מסלול ה""גמר"" (*)",גמר,manual_context_required,locked_not_answered_now,משחק הגמר יוכרע בתום:,locked_not_answered_now,לא ידוע,לא נענה עכשיו לפי החלטת מנהל; ייסגר רק בסיום השלב/האירוע המתאים או עם override מפורש,pending
128,507,"מסלול ה""גמר"" (*)",גמר,threshold_or_yes_no_manual,locked_not_answered_now,מס' השערים שיובקעו במשחק הגמר ב- 90 דקות,locked_not_answered_now,לא ידוע,לא נענה עכשיו לפי החלטת מנהל; ייסגר רק בסיום השלב/האירוע המתאים או עם override מפורש,pending
129,509,"מסלול ה""גמר"" (*)",גמר,manual_context_required,locked_not_answered_now,תוצאת משחק הגמר בתום 90 דקות,locked_not_answered_now,לא ידוע,לא נענה עכשיו לפי החלטת מנהל; ייסגר רק בסיום השלב/האירוע המתאים או עם override מפורש,pending
130,511,"מסלול ה""גמר"" (*)",גמר,threshold_or_yes_no_manual,locked_not_answered_now,מס' השערים שיובקעו במשחק הגמר בהארכה (במידה ומשחק הגמר לא יגיע להארכה - הניחוש מבוטל),locked_not_answered_now,לא ידוע,לא נענה עכשיו לפי החלטת מנהל; ייסגר רק בסיום השלב/האירוע המתאים או עם override מפורש,pending
131,513,"מסלול ה""גמר"" (*)",גמר,leader_or_superlative_do_not_close_early,locked_not_answered_now,מס' הפנדלים שייבעטו במסגרת דו קרב פנדלים (במידה ומשחק הגמר לא יגיע לדו קרב פנדלים - הניחוש מבוטל),locked_not_answered_now,לא ידוע,לא נענה עכשיו לפי החלטת מנהל; ייסגר רק בסיום השלב/האירוע המתאים או עם override מפורש,pending
132,515,"מסלול ה""גמר"" (*)",גמר,threshold_or_yes_no_manual,locked_not_answered_now,האם יובקע שער עד לדקה ה- 26 (כולל) של משחק הגמר ?,locked_not_answered_now,לא ידוע,לא נענה עכשיו לפי החלטת מנהל; ייסגר רק בסיום השלב/האירוע המתאים או עם override מפורש,pending
133,517,"מסלול ה""גמר"" (*)",גמר,threshold_or_yes_no_manual,locked_not_answered_now,ציון המחצית בה יובקעו יותר שערים במשחק הגמר,locked_not_answered_now,לא ידוע,לא נענה עכשיו לפי החלטת מנהל; ייסגר רק בסיום השלב/האירוע המתאים או עם override מפורש,pending
134,519,"מסלול ה""גמר"" (*)",גמר,threshold_or_yes_no_manual,locked_not_answered_now,"האם ישלף כרטיס אדום במשחק הגמר (כולל הארכה, במידה ותהיה) ?",locked_not_answered_now,לא ידוע,לא נענה עכשיו לפי החלטת מנהל; ייסגר רק בסיום השלב/האירוע המתאים או עם override מפורש,pending
135,521,"מסלול ה""גמר"" (*)",גמר,threshold_or_yes_no_manual,locked_not_answered_now,"האם תישרק בעיטת פנדל במשחק הגמר (כולל הארכה, במידה ותהיה) ?",locked_not_answered_now,לא ידוע,לא נענה עכשיו לפי החלטת מנהל; ייסגר רק בסיום השלב/האירוע המתאים או עם override מפורש,pending
136,523,"מסלול ה""גמר"" (*)",גמר,threshold_or_yes_no_manual,locked_not_answered_now,"האם ישלפו לפחות 5 כרטיסים צהובים במשחק הגמר (כולל הארכה, במידה ותהיה) ?",locked_not_answered_now,לא ידוע,לא נענה עכשיו לפי החלטת מנהל; ייסגר רק בסיום השלב/האירוע המתאים או עם override מפורש,pending
137,525,"מסלול ה""גמר"" (*)",גמר,threshold_or_yes_no_manual,locked_not_answered_now,"האם יובקע במשחק הגמר שער בנגיחה (כולל הארכה, במידה ותהיה) ? (*******)",locked_not_answered_now,לא ידוע,לא נענה עכשיו לפי החלטת מנהל; ייסגר רק בסיום השלב/האירוע המתאים או עם override מפורש,pending
138,527,"מסלול ה""גמר"" (*)",גמר,threshold_or_yes_no_manual,locked_not_answered_now,האם במשחק הגמר יהיה לפחות שחקן אחד שיבקיע לזכות קבוצתו צמד שערים או יותר ?,locked_not_answered_now,לא ידוע,לא נענה עכשיו לפי החלטת מנהל; ייסגר רק בסיום השלב/האירוע המתאים או עם override מפורש,pending
139,529,"מסלול ה""גמר"" (*)",גמר,threshold_or_yes_no_manual,locked_not_answered_now,האם מלך השערים של הטורניר יבקיע שער במשחק הגמר (כולל הארכה ובעיטות הכרעה בפנדלים) ?,locked_not_answered_now,לא ידוע,לא נענה עכשיו לפי החלטת מנהל; ייסגר רק בסיום השלב/האירוע המתאים או עם override מפורש,pending
140,531,"מסלול ה""גמר"" (*)",גמר,threshold_or_yes_no_manual,locked_not_answered_now,האם בתום 90 דקות של משחק הגמר יבוצעו כל עשרת החילופים (5 חילופים לכל קבוצה) ?,locked_not_answered_now,לא ידוע,לא נענה עכשיו לפי החלטת מנהל; ייסגר רק בסיום השלב/האירוע המתאים או עם override מפורש,pending
141,533,"מסלול ה""גמר"" (*)",גמר,threshold_or_yes_no_manual,locked_not_answered_now,האם יבוצע חילוף במשחק הגמר בטרם פתיחת המחצית השניה (כולל חילוף במחצית המשחק) ?,locked_not_answered_now,לא ידוע,לא נענה עכשיו לפי החלטת מנהל; ייסגר רק בסיום השלב/האירוע המתאים או עם override מפורש,pending
142,535,"מסלול ה""גמר"" (*)",גמר,threshold_or_yes_no_manual,locked_not_answered_now,האם יהיו יותר מ- 10 קרנות במשחק הגמר (לא כולל הארכה) ?,locked_not_answered_now,לא ידוע,לא נענה עכשיו לפי החלטת מנהל; ייסגר רק בסיום השלב/האירוע המתאים או עם override מפורש,pending
143,537,"מסלול ה""גמר"" (*)",גמר,threshold_or_yes_no_manual,locked_not_answered_now,האם יהיו יותר מ- 5 נבדלים במשחק הגמר (לא כולל הארכה) ?,locked_not_answered_now,לא ידוע,לא נענה עכשיו לפי החלטת מנהל; ייסגר רק בסיום השלב/האירוע המתאים או עם override מפורש,pending
144,539,"מסלול ה""גמר"" (*)",גמר,threshold_or_yes_no_manual,locked_not_answered_now,השער הראשון במשחק הגמר (כולל הארכה ובעיטות הכרעה בפנדלים) יובקע ב:,locked_not_answered_now,לא ידוע,לא נענה עכשיו לפי החלטת מנהל; ייסגר רק בסיום השלב/האירוע המתאים או עם override מפורש,pending
145,541,"מסלול ה""גמר"" (*)",גמר,manual_context_required,locked_not_answered_now,האירוע הראשון במשחק הגמר לאחר שריקת הפתיחה יהיה:,locked_not_answered_now,לא ידוע,לא נענה עכשיו לפי החלטת מנהל; ייסגר רק בסיום השלב/האירוע המתאים או עם override מפורש,pending
146,543,"מסלול ה""גמר"" (*)",גמר,manual_context_required,locked_not_answered_now,בעיטת הפתיחה של משחק הגמר תיבעט ב:,locked_not_answered_now,לא ידוע,לא נענה עכשיו לפי החלטת מנהל; ייסגר רק בסיום השלב/האירוע המתאים או עם override מפורש,pending
