participant,type,id,row,item,oldPrediction,newPrediction
ירין יוסף,open,75,395,מלך השערים של הטורניר,צרפת - אמבפה + מס' השערים שיבקיע: 9,צרפת - אמבפה | מס' השערים שיבקיע
ירין יוסף,open,76,397,מלך הבישולים של הטורניר,צרפת - אוליסה + מס' השערים שיבשל: 6,צרפת - אוליסה | מס' השערים שיבשל
יובל אברהם,open,15,160,מלך השערים בבתים,מס' השערים שיכבוש: 5,אנגליה - הארי קיין | מס' השערים שיכבוש: 5
יובל אברהם,open,75,395,מלך השערים של הטורניר,אנגליה - הארי קיין + מס' השערים שיבקיע: 8,אנגליה - הארי קיין | מס' השערים שיבקיע
יובל אברהם,open,76,397,מלך הבישולים של הטורניר,ארגנטינה - מסי + מס' השערים שיבשל: 6,ארגנטינה - מסי | מס' השערים שיבשל
שגיא אברמסון,open,75,395,מלך השערים של הטורניר,ספרד - טורס + מס' השערים שיבקיע: 8,ספרד - טורס | מס' השערים שיבקיע
שגיא אברמסון,open,76,397,מלך הבישולים של הטורניר,פורטוגל -  פרננדש + מס' השערים שיבשל: 5,פורטוגל -  פרננדש | מס' השערים שיבשל
ניר כהן,open,75,395,מלך השערים של הטורניר,צרפת - אמבפה + מס' השערים שיבקיע: 8,צרפת - אמבפה | מס' השערים שיבקיע
ניר כהן,open,76,397,מלך הבישולים של הטורניר,ברזיל - ויניסיוס + מס' השערים שיבשל: 4,ברזיל - ויניסיוס | מס' השערים שיבשל
אושרי ברזילי,open,75,395,מלך השערים של הטורניר,צרפת - אמבפה + מס' השערים שיבקיע: 8,צרפת - אמבפה | מס' השערים שיבקיע
אושרי ברזילי,open,76,397,מלך הבישולים של הטורניר,גרמניה - וירץ + מס' השערים שיבשל: 6,גרמניה - וירץ | מס' השערים שיבשל
פאפאספורט,open,75,395,מלך השערים של הטורניר,אנגליה - הארי קיין + מס' השערים שיבקיע: 8,אנגליה - הארי קיין | מס' השערים שיבקיע
פאפאספורט,open,76,397,מלך הבישולים של הטורניר,פורטוגל -  פרננדש + מס' השערים שיבשל: 4,פורטוגל -  פרננדש | מס' השערים שיבשל
מיטל יצחקי,open,75,395,מלך השערים של הטורניר,אנגליה - הארי קיין + מס' השערים שיבקיע: 7,אנגליה - הארי קיין | מס' השערים שיבקיע
מיטל יצחקי,open,76,397,מלך הבישולים של הטורניר,פורטוגל -  פרננדש + מס' השערים שיבשל: 7,פורטוגל -  פרננדש | מס' השערים שיבשל
יוסי מיזלר,open,29,196,"מי מהשחקנים יכבוש ביותר משחקים יותר משער אחד למשחק (צמד, שלושער ועוד) בשלב הבתים ?",קיין | קיין (אנגליה),קיין
יוסי מיזלר,open,75,395,מלך השערים של הטורניר,צרפת - אמבפה + מס' השערים שיבקיע: 7,צרפת - אמבפה | מס' השערים שיבקיע
יוסי מיזלר,open,76,397,מלך הבישולים של הטורניר,פורטוגל -  פרננדש + מס' השערים שיבשל: 4,פורטוגל -  פרננדש | מס' השערים שיבשל
שמעון לוקאל קפה,open,29,196,"מי מהשחקנים יכבוש ביותר משחקים יותר משער אחד למשחק (צמד, שלושער ועוד) בשלב הבתים ?",קיין | קיין (אנגליה),קיין
שמעון לוקאל קפה,open,75,395,מלך השערים של הטורניר,גרמניה - הבארץ + מס' השערים שיבקיע: 6,גרמניה - הבארץ | מס' השערים שיבקיע
שמעון לוקאל קפה,open,76,397,מלך הבישולים של הטורניר,פורטוגל -  פרננדש + מס' השערים שיבשל: 3,פורטוגל -  פרננדש | מס' השערים שיבשל
אוראל ויצמן,open,29,196,"מי מהשחקנים יכבוש ביותר משחקים יותר משער אחד למשחק (צמד, שלושער ועוד) בשלב הבתים ?",קיין | קיין (אנגליה),קיין
אוראל ויצמן,open,75,395,מלך השערים של הטורניר,צרפת - אמבפה + מס' השערים שיבקיע: 7,צרפת - אמבפה | מס' השערים שיבקיע
אוראל ויצמן,open,76,397,מלך הבישולים של הטורניר,פורטוגל -  פרננדש + מס' השערים שיבשל: 4,פורטוגל -  פרננדש | מס' השערים שיבשל
אפי קטש,open,75,395,מלך השערים של הטורניר,צרפת - אמבפה + מס' השערים שיבקיע: 7,צרפת - אמבפה | מס' השערים שיבקיע
אפי קטש,open,76,397,מלך הבישולים של הטורניר,ארגנטינה - מסי + מס' השערים שיבשל: 4,ארגנטינה - מסי | מס' השערים שיבשל
גל+סייבה גורליק,open,75,395,מלך השערים של הטורניר,צרפת - אמבפה + מס' השערים שיבקיע: 9,צרפת - אמבפה | מס' השערים שיבקיע
גל+סייבה גורליק,open,76,397,מלך הבישולים של הטורניר,צרפת - אוליסה + מס' השערים שיבשל: 7,צרפת - אוליסה | מס' השערים שיבשל
רועי שטרק,open,75,395,מלך השערים של הטורניר,אנגליה - הארי קיין + מס' השערים שיבקיע: 7,אנגליה - הארי קיין | מס' השערים שיבקיע
רועי שטרק,open,76,397,מלך הבישולים של הטורניר,ארגנטינה - מסי + מס' השערים שיבשל: 4,ארגנטינה - מסי | מס' השערים שיבשל
עידן כהן,open,75,395,מלך השערים של הטורניר,צרפת - אמבפה + מס' השערים שיבקיע: 7,צרפת - אמבפה | מס' השערים שיבקיע
עידן כהן,open,76,397,מלך הבישולים של הטורניר,פורטוגל -  פרננדש + מס' השערים שיבשל: 5,פורטוגל -  פרננדש | מס' השערים שיבשל
יוני דלאל,open,75,395,מלך השערים של הטורניר,אנגליה - הארי קיין + מס' השערים שיבקיע: 7,אנגליה - הארי קיין | מס' השערים שיבקיע
יוני דלאל,open,76,397,מלך הבישולים של הטורניר,צרפת - אוליסה + מס' השערים שיבשל: 4,צרפת - אוליסה | מס' השערים שיבשל
דולב קרקו,open,75,395,מלך השערים של הטורניר,צרפת - אמבפה + מס' השערים שיבקיע: 8,צרפת - אמבפה | מס' השערים שיבקיע
דולב קרקו,open,76,397,מלך הבישולים של הטורניר,ארגנטינה - מסי + מס' השערים שיבשל: 7,ארגנטינה - מסי | מס' השערים שיבשל
רותם בן חמו+ מורלי,open,75,395,מלך השערים של הטורניר,צרפת - אמבפה + מס' השערים שיבקיע: 7,צרפת - אמבפה | מס' השערים שיבקיע
רותם בן חמו+ מורלי,open,76,397,מלך הבישולים של הטורניר,פורטוגל -  פרננדש + מס' השערים שיבשל: 5,פורטוגל -  פרננדש | מס' השערים שיבשל
דני שוורצמן+אלון יוסף,open,75,395,מלך השערים של הטורניר,צרפת - אמבפה + מס' השערים שיבקיע: 12,צרפת - אמבפה | מס' השערים שיבקיע
דני שוורצמן+אלון יוסף,open,76,397,מלך הבישולים של הטורניר,פורטוגל -  פרננדש + מס' השערים שיבשל: 7,פורטוגל -  פרננדש | מס' השערים שיבשל
איתי ברק,open,75,395,מלך השערים של הטורניר,צרפת - אמבפה + מס' השערים שיבקיע: 5,צרפת - אמבפה | מס' השערים שיבקיע
איתי ברק,open,76,397,מלך הבישולים של הטורניר,צרפת - אוליסה + מס' השערים שיבשל: 5,צרפת - אוליסה | מס' השערים שיבשל
רואי אברמוב,open,75,395,מלך השערים של הטורניר,צרפת - אמבפה + מס' השערים שיבקיע: 7,צרפת - אמבפה | מס' השערים שיבקיע
רואי אברמוב,open,76,397,מלך הבישולים של הטורניר,פורטוגל -  פרננדש + מס' השערים שיבשל: 7,פורטוגל -  פרננדש | מס' השערים שיבשל
אורטל שלומי,open,75,395,מלך השערים של הטורניר,נורווגיה - האלאנד + מס' השערים שיבקיע: 11,נורווגיה - האלאנד | מס' השערים שיבקיע
אורטל שלומי,open,76,397,מלך הבישולים של הטורניר,פורטוגל -  פרננדש + מס' השערים שיבשל: 6,פורטוגל -  פרננדש | מס' השערים שיבשל
אביב רחמים,open,75,395,מלך השערים של הטורניר,נורווגיה - האלאנד + מס' השערים שיבקיע: 11,נורווגיה - האלאנד | מס' השערים שיבקיע
אביב רחמים,open,76,397,מלך הבישולים של הטורניר,ספרד - לאמאל + מס' השערים שיבשל: 7,ספרד - לאמאל | מס' השערים שיבשל
מיקי+רום שכטמן,open,75,395,מלך השערים של הטורניר,צרפת - אמבפה + מס' השערים שיבקיע: 7,צרפת - אמבפה | מס' השערים שיבקיע
מיקי+רום שכטמן,open,76,397,מלך הבישולים של הטורניר,ארגנטינה - מרטינז + מס' השערים שיבשל: 5,ארגנטינה - מרטינז | מס' השערים שיבשל
קובי ששון,open,75,395,מלך השערים של הטורניר,אנגליה - הארי קיין + מס' השערים שיבקיע: 9,אנגליה - הארי קיין | מס' השערים שיבקיע
קובי ששון,open,76,397,מלך הבישולים של הטורניר,פורטוגל -  פרננדש + מס' השערים שיבשל: 5,פורטוגל -  פרננדש | מס' השערים שיבשל
רני רחמים,open,75,395,מלך השערים של הטורניר,צרפת - אוליסה + מס' השערים שיבקיע: 8,צרפת - אוליסה | מס' השערים שיבקיע
רני רחמים,open,76,397,מלך הבישולים של הטורניר,ארגנטינה - מסי + מס' השערים שיבשל: 4,ארגנטינה - מסי | מס' השערים שיבשל
גל עובדיה,open,75,395,מלך השערים של הטורניר,צרפת - אמבפה + מס' השערים שיבקיע: 9,צרפת - אמבפה | מס' השערים שיבקיע
גל עובדיה,open,76,397,מלך הבישולים של הטורניר,פורטוגל -  פרננדש + מס' השערים שיבשל: 4,פורטוגל -  פרננדש | מס' השערים שיבשל
ליאור קורן,open,75,395,מלך השערים של הטורניר,צרפת - אמבפה + מס' השערים שיבקיע: 8,צרפת - אמבפה | מס' השערים שיבקיע
ליאור קורן,open,76,397,מלך הבישולים של הטורניר,בלגיה - קווין דה-ברוין + מס' השערים שיבשל: 5,בלגיה - קווין דה-ברוין | מס' השערים שיבשל
דני שין,open,75,395,מלך השערים של הטורניר,צרפת - אמבפה + מס' השערים שיבקיע: 8,צרפת - אמבפה | מס' השערים שיבקיע
דני שין,open,76,397,מלך הבישולים של הטורניר,ארגנטינה - מסי + מס' השערים שיבשל: 4,ארגנטינה - מסי | מס' השערים שיבשל
קוסטה הופמן,open,75,395,מלך השערים של הטורניר,ספרד - טורס + מס' השערים שיבקיע: 8,ספרד - טורס | מס' השערים שיבקיע
קוסטה הופמן,open,76,397,מלך הבישולים של הטורניר,ספרד - לאמאל + מס' השערים שיבשל: 6,ספרד - לאמאל | מס' השערים שיבשל
איתן גלאי,open,75,395,מלך השערים של הטורניר,צרפת - אמבפה + מס' השערים שיבקיע: 7,צרפת - אמבפה | מס' השערים שיבקיע
איתן גלאי,open,76,397,מלך הבישולים של הטורניר,אנגליה - סאקה + מס' השערים שיבשל: 5,אנגליה - סאקה | מס' השערים שיבשל
יואב יוקלסון,open,14,158,"מס' כרטיסים אדומים שיישלפו בשלב הבתים (סה""כ 72 משחקים)",46211,2026-07-08 00:00:00
יואב יוקלסון,open,75,395,מלך השערים של הטורניר,אנגליה - הארי קיין + מס' השערים שיבקיע: 6,אנגליה - הארי קיין | מס' השערים שיבקיע
יואב יוקלסון,open,76,397,מלך הבישולים של הטורניר,צרפת - דמבלה + מס' השערים שיבשל: 4,צרפת - דמבלה | מס' השערים שיבשל
אלברט אברמוב,open,75,395,מלך השערים של הטורניר,ספרד - לאמאל + מס' השערים שיבקיע: 8,ספרד - לאמאל | מס' השערים שיבקיע
אלברט אברמוב,open,76,397,מלך הבישולים של הטורניר,ספרד - לאמאל + מס' השערים שיבשל: 6,ספרד - לאמאל | מס' השערים שיבשל
איתי+אופק מניביץ,open,75,395,מלך השערים של הטורניר,צרפת - דמבלה + מס' השערים שיבקיע: 8,צרפת - דמבלה | מס' השערים שיבקיע
איתי+אופק מניביץ,open,76,397,מלך הבישולים של הטורניר,צרפת - אוליסה + מס' השערים שיבשל: 4,צרפת - אוליסה | מס' השערים שיבשל
סתיו בלוקופיט,open,75,395,מלך השערים של הטורניר,ברזיל - ויניסיוס + מס' השערים שיבקיע: 7,ברזיל - ויניסיוס | מס' השערים שיבקיע
סתיו בלוקופיט,open,76,397,מלך הבישולים של הטורניר,פורטוגל -  פרננדש + מס' השערים שיבשל: 5,פורטוגל -  פרננדש | מס' השערים שיבשל
ניר הייזלר,open,75,395,מלך השערים של הטורניר,פורטוגל - רונאלדו + מס' השערים שיבקיע: 8,פורטוגל - רונאלדו | מס' השערים שיבקיע
ניר הייזלר,open,76,397,מלך הבישולים של הטורניר,פורטוגל -  פרננדש + מס' השערים שיבשל: 5,פורטוגל -  פרננדש | מס' השערים שיבשל
אריאל אנגל,open,75,395,מלך השערים של הטורניר,צרפת - אמבפה + מס' השערים שיבקיע: 7,צרפת - אמבפה | מס' השערים שיבקיע
אריאל אנגל,open,76,397,מלך הבישולים של הטורניר,צרפת - אוליסה + מס' השערים שיבשל: 6,צרפת - אוליסה | מס' השערים שיבשל
ירדן ברזני,open,75,395,מלך השערים של הטורניר,צרפת - אוליסה + מס' השערים שיבקיע: 8,צרפת - אוליסה | מס' השערים שיבקיע
ירדן ברזני,open,76,397,מלך הבישולים של הטורניר,אחר | פדרי ספרד + מס' השערים שיבשל: 6,אחר | פדרי ספרד | מס' השערים שיבשל
מיכל עובדיה,open,75,395,מלך השערים של הטורניר,אחר | מייקל אוירסבל + מס' השערים שיבקיע: 9,אחר | מייקל אוירסבל | מס' השערים שיבקיע
מיכל עובדיה,open,76,397,מלך הבישולים של הטורניר,פורטוגל -  פרננדש + מס' השערים שיבשל: 5,פורטוגל -  פרננדש | מס' השערים שיבשל
עמוס גויכמן,open,75,395,מלך השערים של הטורניר,צרפת - אמבפה + מס' השערים שיבקיע: 6,צרפת - אמבפה | מס' השערים שיבקיע
עמוס גויכמן,open,76,397,מלך הבישולים של הטורניר,פורטוגל -  פרננדש + מס' השערים שיבשל: 5,פורטוגל -  פרננדש | מס' השערים שיבשל
רועי עזרא,open,75,395,מלך השערים של הטורניר,צרפת - אמבפה + מס' השערים שיבקיע: 10,צרפת - אמבפה | מס' השערים שיבקיע
רועי עזרא,open,76,397,מלך הבישולים של הטורניר,ספרד - לאמאל + מס' השערים שיבשל: 6,ספרד - לאמאל | מס' השערים שיבשל
שלום אברהם,open,75,395,מלך השערים של הטורניר,אנגליה - הארי קיין + מס' השערים שיבקיע: 7,אנגליה - הארי קיין | מס' השערים שיבקיע
שלום אברהם,open,76,397,מלך הבישולים של הטורניר,ארגנטינה - מסי + מס' השערים שיבשל: 7,ארגנטינה - מסי | מס' השערים שיבשל
אלעד מור+אבירן,open,75,395,מלך השערים של הטורניר,צרפת - אמבפה + מס' השערים שיבקיע: 5,צרפת - אמבפה | מס' השערים שיבקיע
אלעד מור+אבירן,open,76,397,מלך הבישולים של הטורניר,צרפת - דמבלה + מס' השערים שיבשל: 4,צרפת - דמבלה | מס' השערים שיבשל
אביחי+יואב קראבץ,open,75,395,מלך השערים של הטורניר,צרפת - אמבפה + מס' השערים שיבקיע: 9,צרפת - אמבפה | מס' השערים שיבקיע
אביחי+יואב קראבץ,open,76,397,מלך הבישולים של הטורניר,ארגנטינה - מסי + מס' השערים שיבשל: 6,ארגנטינה - מסי | מס' השערים שיבשל
נוי מרינה,open,75,395,מלך השערים של הטורניר,צרפת - אמבפה + מס' השערים שיבקיע: 8,צרפת - אמבפה | מס' השערים שיבקיע
נוי מרינה,open,76,397,מלך הבישולים של הטורניר,ארגנטינה - מסי + מס' השערים שיבשל: 3,ארגנטינה - מסי | מס' השערים שיבשל
שי קוקוש,open,75,395,מלך השערים של הטורניר,צרפת - אמבפה + מס' השערים שיבקיע: 8,צרפת - אמבפה | מס' השערים שיבקיע
שי קוקוש,open,76,397,מלך הבישולים של הטורניר,ארגנטינה - מסי + מס' השערים שיבשל: 5,ארגנטינה - מסי | מס' השערים שיבשל
כפיר כהן,open,75,395,מלך השערים של הטורניר,אנגליה - הארי קיין + מס' השערים שיבקיע: 7,אנגליה - הארי קיין | מס' השערים שיבקיע
כפיר כהן,open,76,397,מלך הבישולים של הטורניר,ברזיל - ראפיניה + מס' השערים שיבשל: 5,ברזיל - ראפיניה | מס' השערים שיבשל
איתמר שנפ+עידו כנען,open,75,395,מלך השערים של הטורניר,אנגליה - הארי קיין + מס' השערים שיבקיע: 7,אנגליה - הארי קיין | מס' השערים שיבקיע
איתמר שנפ+עידו כנען,open,76,397,מלך הבישולים של הטורניר,פורטוגל -  פרננדש + מס' השערים שיבשל: 4,פורטוגל -  פרננדש | מס' השערים שיבשל
שמוליק תמיר,open,75,395,מלך השערים של הטורניר,אחר | אוירסבל - ספרד + מס' השערים שיבקיע: 9,אחר | אוירסבל - ספרד | מס' השערים שיבקיע
שמוליק תמיר,open,76,397,מלך הבישולים של הטורניר,אנגליה - הארי קיין + מס' השערים שיבשל: 7,אנגליה - הארי קיין | מס' השערים שיבשל
שי זגורי,open,75,395,מלך השערים של הטורניר,פורטוגל - רונאלדו + מס' השערים שיבקיע: 7,פורטוגל - רונאלדו | מס' השערים שיבקיע
שי זגורי,open,76,397,מלך הבישולים של הטורניר,פורטוגל -  פרננדש + מס' השערים שיבשל: 5,פורטוגל -  פרננדש | מס' השערים שיבשל
בוריס גורובוי+לירן בר זאב,open,75,395,מלך השערים של הטורניר,אנגליה - הארי קיין + מס' השערים שיבקיע: 8,אנגליה - הארי קיין | מס' השערים שיבקיע
בוריס גורובוי+לירן בר זאב,open,76,397,מלך הבישולים של הטורניר,פורטוגל -  פרננדש + מס' השערים שיבשל: 5,פורטוגל -  פרננדש | מס' השערים שיבשל
עדי אדיוס,open,75,395,מלך השערים של הטורניר,צרפת - אמבפה + מס' השערים שיבקיע: 5,צרפת - אמבפה | מס' השערים שיבקיע
עדי אדיוס,open,76,397,מלך הבישולים של הטורניר,ארגנטינה - מסי + מס' השערים שיבשל: 4,ארגנטינה - מסי | מס' השערים שיבשל
אריק גליקמן,open,75,395,מלך השערים של הטורניר,צרפת - אמבפה + מס' השערים שיבקיע: 7,צרפת - אמבפה | מס' השערים שיבקיע
אריק גליקמן,open,76,397,מלך הבישולים של הטורניר,ספרד - לאמאל + מס' השערים שיבשל: 6,ספרד - לאמאל | מס' השערים שיבשל
יאיר אללוף,open,75,395,מלך השערים של הטורניר,צרפת - אמבפה + מס' השערים שיבקיע: 7,צרפת - אמבפה | מס' השערים שיבקיע
יאיר אללוף,open,76,397,מלך הבישולים של הטורניר,ארגנטינה - מסי + מס' השערים שיבשל: 4,ארגנטינה - מסי | מס' השערים שיבשל
נתנאל שישפורטיש,open,75,395,מלך השערים של הטורניר,אנגליה - הארי קיין + מס' השערים שיבקיע: 5,אנגליה - הארי קיין | מס' השערים שיבקיע
נתנאל שישפורטיש,open,76,397,מלך הבישולים של הטורניר,ארגנטינה - מסי + מס' השערים שיבשל: 4,ארגנטינה - מסי | מס' השערים שיבשל
עומר אברמסון,open,75,395,מלך השערים של הטורניר,אנגליה - הארי קיין + מס' השערים שיבקיע: 7,אנגליה - הארי קיין | מס' השערים שיבקיע
עומר אברמסון,open,76,397,מלך הבישולים של הטורניר,ארגנטינה - מסי + מס' השערים שיבשל: 5,ארגנטינה - מסי | מס' השערים שיבשל
גל פרגר,open,75,395,מלך השערים של הטורניר,פורטוגל - לאו + מס' השערים שיבקיע: 6,פורטוגל - לאו | מס' השערים שיבקיע
גל פרגר,open,76,397,מלך הבישולים של הטורניר,פורטוגל -  פרננדש + מס' השערים שיבשל: 6,פורטוגל -  פרננדש | מס' השערים שיבשל
אבי יעקובינסקי,open,75,395,מלך השערים של הטורניר,אנגליה - הארי קיין + מס' השערים שיבקיע: 7,אנגליה - הארי קיין | מס' השערים שיבקיע
אבי יעקובינסקי,open,76,397,מלך הבישולים של הטורניר,פורטוגל -  פרננדש + מס' השערים שיבשל: 5,פורטוגל -  פרננדש | מס' השערים שיבשל
עמרי חובב,open,75,395,מלך השערים של הטורניר,אחר | ספרד - אוירסאבל + מס' השערים שיבקיע: 7,אחר | ספרד - אוירסאבל | מס' השערים שיבקיע
עמרי חובב,open,76,397,מלך הבישולים של הטורניר,ספרד - לאמאל + מס' השערים שיבשל: 4,ספרד - לאמאל | מס' השערים שיבשל
אייל מנסור,open,75,395,מלך השערים של הטורניר,אנגליה - הארי קיין + מס' השערים שיבקיע: 8,אנגליה - הארי קיין | מס' השערים שיבקיע
אייל מנסור,open,76,397,מלך הבישולים של הטורניר,אנגליה - סאקה + מס' השערים שיבשל: 4,אנגליה - סאקה | מס' השערים שיבשל
עידו שנפ,open,75,395,מלך השערים של הטורניר,צרפת - אמבפה + מס' השערים שיבקיע: 8,צרפת - אמבפה | מס' השערים שיבקיע
עידו שנפ,open,76,397,מלך הבישולים של הטורניר,ספרד - לאמאל + מס' השערים שיבשל: 6,ספרד - לאמאל | מס' השערים שיבשל
עידן+רום מנייביץ,open,75,395,מלך השערים של הטורניר,גרמניה - הבארץ + מס' השערים שיבקיע: 6,גרמניה - הבארץ | מס' השערים שיבקיע
עידן+רום מנייביץ,open,76,397,מלך הבישולים של הטורניר,ברזיל - ראפיניה + מס' השערים שיבשל: 4,ברזיל - ראפיניה | מס' השערים שיבשל
אלעד+איתי שניידר,open,75,395,מלך השערים של הטורניר,אנגליה - הארי קיין + מס' השערים שיבקיע: 8,אנגליה - הארי קיין | מס' השערים שיבקיע
אלעד+איתי שניידר,open,76,397,מלך הבישולים של הטורניר,צרפת - אוליסה + מס' השערים שיבשל: 4,צרפת - אוליסה | מס' השערים שיבשל
גיא טלסניק,open,75,395,מלך השערים של הטורניר,אנגליה - הארי קיין + מס' השערים שיבקיע: 7,אנגליה - הארי קיין | מס' השערים שיבקיע
גיא טלסניק,open,76,397,מלך הבישולים של הטורניר,ספרד - לאמאל + מס' השערים שיבשל: 5,ספרד - לאמאל | מס' השערים שיבשל
יובל גרשון,open,75,395,מלך השערים של הטורניר,צרפת - אמבפה + מס' השערים שיבקיע: 8,צרפת - אמבפה | מס' השערים שיבקיע
יובל גרשון,open,76,397,מלך הבישולים של הטורניר,צרפת - אוליסה + מס' השערים שיבשל: 5,צרפת - אוליסה | מס' השערים שיבשל
דור יטח,open,75,395,מלך השערים של הטורניר,צרפת - אמבפה + מס' השערים שיבקיע: 8,צרפת - אמבפה | מס' השערים שיבקיע
דור יטח,open,76,397,מלך הבישולים של הטורניר,ברזיל - ויניסיוס + מס' השערים שיבשל: 4,ברזיל - ויניסיוס | מס' השערים שיבשל
כפיר רוטברט,open,75,395,מלך השערים של הטורניר,צרפת - אמבפה + מס' השערים שיבקיע: 8,צרפת - אמבפה | מס' השערים שיבקיע
כפיר רוטברט,open,76,397,מלך הבישולים של הטורניר,ספרד - לאמאל + מס' השערים שיבשל: 5,ספרד - לאמאל | מס' השערים שיבשל
אייל חסון,open,75,395,מלך השערים של הטורניר,אנגליה - הארי קיין + מס' השערים שיבקיע: 7,אנגליה - הארי קיין | מס' השערים שיבקיע
אייל חסון,open,76,397,מלך הבישולים של הטורניר,ארגנטינה - מסי + מס' השערים שיבשל: 4,ארגנטינה - מסי | מס' השערים שיבשל
מיכאל זוהר,open,75,395,מלך השערים של הטורניר,פורטוגל - רונאלדו + מס' השערים שיבקיע: 6,פורטוגל - רונאלדו | מס' השערים שיבקיע
מיכאל זוהר,open,76,397,מלך הבישולים של הטורניר,אנגליה - הארי קיין + מס' השערים שיבשל: 5,אנגליה - הארי קיין | מס' השערים שיבשל
איתי שפרן,open,75,395,מלך השערים של הטורניר,אנגליה - הארי קיין + מס' השערים שיבקיע: 6,אנגליה - הארי קיין | מס' השערים שיבקיע
איתי שפרן,open,76,397,מלך הבישולים של הטורניר,אנגליה - סאקה + מס' השערים שיבשל: 3,אנגליה - סאקה | מס' השערים שיבשל
אבירן זינו,open,75,395,מלך השערים של הטורניר,ברזיל - ויניסיוס + מס' השערים שיבקיע: 7,ברזיל - ויניסיוס | מס' השערים שיבקיע
אבירן זינו,open,76,397,מלך הבישולים של הטורניר,אולמו + מס' השערים שיבשל: 4,אולמו | מס' השערים שיבשל
אורי הנדלר,open,75,395,מלך השערים של הטורניר,נורווגיה - האלאנד + מס' השערים שיבקיע: 7,נורווגיה - האלאנד | מס' השערים שיבקיע
אורי הנדלר,open,76,397,מלך הבישולים של הטורניר,ברזיל - ראפיניה + מס' השערים שיבשל: 5,ברזיל - ראפיניה | מס' השערים שיבשל
אוראל לוי,open,75,395,מלך השערים של הטורניר,אנגליה - הארי קיין + מס' השערים שיבקיע: 8,אנגליה - הארי קיין | מס' השערים שיבקיע
אוראל לוי,open,76,397,מלך הבישולים של הטורניר,צרפת - אוליסה + מס' השערים שיבשל: 6,צרפת - אוליסה | מס' השערים שיבשל
נדב גרשמן,open,75,395,מלך השערים של הטורניר,צרפת - אמבפה + מס' השערים שיבקיע: 8,צרפת - אמבפה | מס' השערים שיבקיע
נדב גרשמן,open,76,397,מלך הבישולים של הטורניר,פורטוגל -  פרננדש + מס' השערים שיבשל: 5,פורטוגל -  פרננדש | מס' השערים שיבשל
נתן ברויטמן+רן טננברג,open,75,395,מלך השערים של הטורניר,צרפת - אמבפה + מס' השערים שיבקיע: 4,צרפת - אמבפה | מס' השערים שיבקיע
נתן ברויטמן+רן טננברג,open,76,397,מלך הבישולים של הטורניר,פורטוגל -  פרננדש + מס' השערים שיבשל: 3,פורטוגל -  פרננדש | מס' השערים שיבשל
אודי שריקי,open,29,196,"מי מהשחקנים יכבוש ביותר משחקים יותר משער אחד למשחק (צמד, שלושער ועוד) בשלב הבתים ?",קיין | קיין (אנגליה),קיין
אודי שריקי,open,75,395,מלך השערים של הטורניר,נורווגיה - האלאנד + מס' השערים שיבקיע: 7,נורווגיה - האלאנד | מס' השערים שיבקיע
אודי שריקי,open,76,397,מלך הבישולים של הטורניר,ברזיל - ויניסיוס + מס' השערים שיבשל: 4,ברזיל - ויניסיוס | מס' השערים שיבשל
אבינועם דהן,open,75,395,מלך השערים של הטורניר,אנגליה - הארי קיין + מס' השערים שיבקיע: 7,אנגליה - הארי קיין | מס' השערים שיבקיע
אבינועם דהן,open,76,397,מלך הבישולים של הטורניר,ספרד - לאמאל + מס' השערים שיבשל: 4,ספרד - לאמאל | מס' השערים שיבשל
לידן דלויה,open,75,395,מלך השערים של הטורניר,צרפת - אמבפה + מס' השערים שיבקיע: 12,צרפת - אמבפה | מס' השערים שיבקיע
לידן דלויה,open,76,397,מלך הבישולים של הטורניר,ברזיל - ויניסיוס + מס' השערים שיבשל: 5,ברזיל - ויניסיוס | מס' השערים שיבשל
חן יעקב,open,75,395,מלך השערים של הטורניר,אנגליה - הארי קיין + מס' השערים שיבקיע: 9,אנגליה - הארי קיין | מס' השערים שיבקיע
חן יעקב,open,76,397,מלך הבישולים של הטורניר,פורטוגל -  פרננדש + מס' השערים שיבשל: 3,פורטוגל -  פרננדש | מס' השערים שיבשל
דודי חשוב,open,75,395,מלך השערים של הטורניר,ארגנטינה - מסי + מס' השערים שיבקיע: 6,ארגנטינה - מסי | מס' השערים שיבקיע
דודי חשוב,open,76,397,מלך הבישולים של הטורניר,ארגנטינה - מסי + מס' השערים שיבשל: 3,ארגנטינה - מסי | מס' השערים שיבשל
יובל קליין,open,75,395,מלך השערים של הטורניר,ברזיל - ראפיניה + מס' השערים שיבקיע: 7,ברזיל - ראפיניה | מס' השערים שיבקיע
יובל קליין,open,76,397,מלך הבישולים של הטורניר,פורטוגל -  פרננדש + מס' השערים שיבשל: 5,פורטוגל -  פרננדש | מס' השערים שיבשל
אלון הרשקוביץ,open,75,395,מלך השערים של הטורניר,צרפת - אמבפה + מס' השערים שיבקיע: 7,צרפת - אמבפה | מס' השערים שיבקיע
אלון הרשקוביץ,open,76,397,מלך הבישולים של הטורניר,ספרד - לאמאל + מס' השערים שיבשל: 3,ספרד - לאמאל | מס' השערים שיבשל
דרור רסקין+ניר לוגסי,open,75,395,מלך השערים של הטורניר,צרפת - אמבפה + מס' השערים שיבקיע: 8,צרפת - אמבפה | מס' השערים שיבקיע
דרור רסקין+ניר לוגסי,open,76,397,מלך הבישולים של הטורניר,ספרד - לאמאל + מס' השערים שיבשל: 3,ספרד - לאמאל | מס' השערים שיבשל
ליאון זוכוביצקי+ירון פרסלר,open,75,395,מלך השערים של הטורניר,צרפת - אמבפה + מס' השערים שיבקיע: 6,צרפת - אמבפה | מס' השערים שיבקיע
ליאון זוכוביצקי+ירון פרסלר,open,76,397,מלך הבישולים של הטורניר,צרפת - אוליסה + מס' השערים שיבשל: 4,צרפת - אוליסה | מס' השערים שיבשל
מאור אלפסי,open,75,395,מלך השערים של הטורניר,אנגליה - הארי קיין + מס' השערים שיבקיע: 6,אנגליה - הארי קיין | מס' השערים שיבקיע
מאור אלפסי,open,76,397,מלך הבישולים של הטורניר,פורטוגל -  פרננדש + מס' השערים שיבשל: 4,פורטוגל -  פרננדש | מס' השערים שיבשל
אלעד נטוביץ,open,75,395,מלך השערים של הטורניר,ספרד - לאמאל + מס' השערים שיבקיע: 7,ספרד - לאמאל | מס' השערים שיבקיע
אלעד נטוביץ,open,76,397,מלך הבישולים של הטורניר,פורטוגל -  פרננדש + מס' השערים שיבשל: 6,פורטוגל -  פרננדש | מס' השערים שיבשל
איתי שנפ,open,75,395,מלך השערים של הטורניר,צרפת - אמבפה + מס' השערים שיבקיע: 8,צרפת - אמבפה | מס' השערים שיבקיע
איתי שנפ,open,76,397,מלך הבישולים של הטורניר,ספרד - לאמאל + מס' השערים שיבשל: 6,ספרד - לאמאל | מס' השערים שיבשל
ניר שטמלר,open,75,395,מלך השערים של הטורניר,אנגליה - הארי קיין + מס' השערים שיבקיע: 8,אנגליה - הארי קיין | מס' השערים שיבקיע
ניר שטמלר,open,76,397,מלך הבישולים של הטורניר,פורטוגל -  פרננדש + מס' השערים שיבשל: 6,פורטוגל -  פרננדש | מס' השערים שיבשל
תום אבני,open,75,395,מלך השערים של הטורניר,אנגליה - הארי קיין + מס' השערים שיבקיע: 6,אנגליה - הארי קיין | מס' השערים שיבקיע
תום אבני,open,76,397,מלך הבישולים של הטורניר,ברזיל - ויניסיוס + מס' השערים שיבשל: 5,ברזיל - ויניסיוס | מס' השערים שיבשל
מור גרשגורן,open,75,395,מלך השערים של הטורניר,אנגליה - הארי קיין + מס' השערים שיבקיע: 6,אנגליה - הארי קיין | מס' השערים שיבקיע
מור גרשגורן,open,76,397,מלך הבישולים של הטורניר,פורטוגל -  פרננדש + מס' השערים שיבשל: 4,פורטוגל -  פרננדש | מס' השערים שיבשל
עומר עובדיה,open,75,395,מלך השערים של הטורניר,צרפת - אמבפה + מס' השערים שיבקיע: 9,צרפת - אמבפה | מס' השערים שיבקיע
עומר עובדיה,open,76,397,מלך הבישולים של הטורניר,צרפת - אוליסה + מס' השערים שיבשל: 4,צרפת - אוליסה | מס' השערים שיבשל
יניב אליאס,open,75,395,מלך השערים של הטורניר,אנגליה - הארי קיין + מס' השערים שיבקיע: 5,אנגליה - הארי קיין | מס' השערים שיבקיע
יניב אליאס,open,76,397,מלך הבישולים של הטורניר,פורטוגל -  פרננדש + מס' השערים שיבשל: 3,פורטוגל -  פרננדש | מס' השערים שיבשל
נדב ברגר,open,75,395,מלך השערים של הטורניר,נורווגיה - האלאנד + מס' השערים שיבקיע: 7,נורווגיה - האלאנד | מס' השערים שיבקיע
נדב ברגר,open,76,397,מלך הבישולים של הטורניר,פורטוגל -  פרננדש + מס' השערים שיבשל: 4,פורטוגל -  פרננדש | מס' השערים שיבשל
אורי מירו,open,75,395,מלך השערים של הטורניר,ברזיל - ויניסיוס + מס' השערים שיבקיע: 7,ברזיל - ויניסיוס | מס' השערים שיבקיע
אורי מירו,open,76,397,מלך הבישולים של הטורניר,ספרד - לאמאל + מס' השערים שיבשל: 5,ספרד - לאמאל | מס' השערים שיבשל
גל לייבוביץ,open,75,395,מלך השערים של הטורניר,אנגליה - הארי קיין + מס' השערים שיבקיע: 7,אנגליה - הארי קיין | מס' השערים שיבקיע
גל לייבוביץ,open,76,397,מלך הבישולים של הטורניר,צרפת - אוליסה + מס' השערים שיבשל: 7,צרפת - אוליסה | מס' השערים שיבשל
איל לוי,open,75,395,מלך השערים של הטורניר,צרפת - אמבפה + מס' השערים שיבקיע: 6,צרפת - אמבפה | מס' השערים שיבקיע
איל לוי,open,76,397,מלך הבישולים של הטורניר,ספרד - לאמאל + מס' השערים שיבשל: 5,ספרד - לאמאל | מס' השערים שיבשל
אסף יצחקי,open,75,395,מלך השערים של הטורניר,צרפת - אמבפה + מס' השערים שיבקיע: 8,צרפת - אמבפה | מס' השערים שיבקיע
אסף יצחקי,open,76,397,מלך הבישולים של הטורניר,ארגנטינה - מסי + מס' השערים שיבשל: 6,ארגנטינה - מסי | מס' השערים שיבשל
אמרי צידון,open,75,395,מלך השערים של הטורניר,אנגליה - הארי קיין + מס' השערים שיבקיע: 8,אנגליה - הארי קיין | מס' השערים שיבקיע
אמרי צידון,open,76,397,מלך הבישולים של הטורניר,מסי (ארגנטינה) + מס' השערים שיבשל: 7,מסי (ארגנטינה) | מס' השערים שיבשל
שלומי נטוביץ,open,75,395,מלך השערים של הטורניר,ברזיל - ויניסיוס + מס' השערים שיבקיע: 5,ברזיל - ויניסיוס | מס' השערים שיבקיע
שלומי נטוביץ,open,76,397,מלך הבישולים של הטורניר,ספרד - לאמאל + מס' השערים שיבשל: 4,ספרד - לאמאל | מס' השערים שיבשל
תומר אמינפור,open,75,395,מלך השערים של הטורניר,אנגליה - הארי קיין + מס' השערים שיבקיע: 9,אנגליה - הארי קיין | מס' השערים שיבקיע
תומר אמינפור,open,76,397,מלך הבישולים של הטורניר,צרפת - אוליסה + מס' השערים שיבשל: 4,צרפת - אוליסה | מס' השערים שיבשל
רון יוסף,open,75,395,מלך השערים של הטורניר,צרפת - אמבפה + מס' השערים שיבקיע: 10,צרפת - אמבפה | מס' השערים שיבקיע
רון יוסף,open,76,397,מלך הבישולים של הטורניר,פורטוגל -  פרננדש + מס' השערים שיבשל: 7,פורטוגל -  פרננדש | מס' השערים שיבשל
שלום שאער,open,75,395,מלך השערים של הטורניר,צרפת - אמבפה + מס' השערים שיבקיע: 8,צרפת - אמבפה | מס' השערים שיבקיע
שלום שאער,open,76,397,מלך הבישולים של הטורניר,ספרד - לאמאל + מס' השערים שיבשל: 5,ספרד - לאמאל | מס' השערים שיבשל
איציק מזרחי,open,75,395,מלך השערים של הטורניר,צרפת - אמבפה + מס' השערים שיבקיע: 5,צרפת - אמבפה | מס' השערים שיבקיע
איציק מזרחי,open,76,397,מלך הבישולים של הטורניר,ארגנטינה - מסי + מס' השערים שיבשל: 4,ארגנטינה - מסי | מס' השערים שיבשל
עידו כהן,open,75,395,מלך השערים של הטורניר,צרפת - אמבפה + מס' השערים שיבקיע: 8,צרפת - אמבפה | מס' השערים שיבקיע
עידו כהן,open,76,397,מלך הבישולים של הטורניר,פורטוגל -  פרננדש + מס' השערים שיבשל: 4,פורטוגל -  פרננדש | מס' השערים שיבשל
רועי איזן,open,75,395,מלך השערים של הטורניר,אנגליה - הארי קיין + מס' השערים שיבקיע: 7,אנגליה - הארי קיין | מס' השערים שיבקיע
רועי איזן,open,76,397,מלך הבישולים של הטורניר,פורטוגל -  פרננדש + מס' השערים שיבשל: 4,פורטוגל -  פרננדש | מס' השערים שיבשל
עודד רגב,open,75,395,מלך השערים של הטורניר,צרפת - אמבפה + מס' השערים שיבקיע: 8,צרפת - אמבפה | מס' השערים שיבקיע
עודד רגב,open,76,397,מלך הבישולים של הטורניר,צרפת - אמבפה + מס' השערים שיבשל: 3,צרפת - אמבפה | מס' השערים שיבשל
תומר אליהו,open,75,395,מלך השערים של הטורניר,צרפת - אמבפה + מס' השערים שיבקיע: 9,צרפת - אמבפה | מס' השערים שיבקיע
תומר אליהו,open,76,397,מלך הבישולים של הטורניר,צרפת - אוליסה + מס' השערים שיבשל: 5,צרפת - אוליסה | מס' השערים שיבשל
שגיא דגול,open,75,395,מלך השערים של הטורניר,צרפת - אמבפה + מס' השערים שיבקיע: 8,צרפת - אמבפה | מס' השערים שיבקיע
שגיא דגול,open,76,397,מלך הבישולים של הטורניר,ארגנטינה - מסי + מס' השערים שיבשל: 6,ארגנטינה - מסי | מס' השערים שיבשל
יוסי מצרי,open,75,395,מלך השערים של הטורניר,ארגנטינה - אלברז + מס' השערים שיבקיע: 8,ארגנטינה - אלברז | מס' השערים שיבקיע
יוסי מצרי,open,76,397,מלך הבישולים של הטורניר,אנגליה - הארי קיין + מס' השערים שיבשל: 4,אנגליה - הארי קיין | מס' השערים שיבשל
אילן קאלי,open,75,395,מלך השערים של הטורניר,צרפת - אמבפה + מס' השערים שיבקיע: 9,צרפת - אמבפה | מס' השערים שיבקיע
אילן קאלי,open,76,397,מלך הבישולים של הטורניר,ספרד - טורס + מס' השערים שיבשל: 7,ספרד - טורס | מס' השערים שיבשל
אסף קדם,open,75,395,מלך השערים של הטורניר,פורטוגל - רונאלדו + מס' השערים שיבקיע: 7,פורטוגל - רונאלדו | מס' השערים שיבקיע
אסף קדם,open,76,397,מלך הבישולים של הטורניר,פורטוגל -  פרננדש + מס' השערים שיבשל: 4,פורטוגל -  פרננדש | מס' השערים שיבשל
יהונתן+אלון קירו,open,75,395,מלך השערים של הטורניר,צרפת - אמבפה + מס' השערים שיבקיע: 8,צרפת - אמבפה | מס' השערים שיבקיע
יהונתן+אלון קירו,open,76,397,מלך הבישולים של הטורניר,ארגנטינה - מסי + מס' השערים שיבשל: 4,ארגנטינה - מסי | מס' השערים שיבשל
עוז וישנו,open,75,395,מלך השערים של הטורניר,צרפת - אמבפה + מס' השערים שיבקיע: 9,צרפת - אמבפה | מס' השערים שיבקיע
עוז וישנו,open,76,397,מלך הבישולים של הטורניר,צרפת - אוליסה + מס' השערים שיבשל: 4,צרפת - אוליסה | מס' השערים שיבשל
זיו+תומר אסף,open,75,395,מלך השערים של הטורניר,צרפת - אמבפה + מס' השערים שיבקיע: 9,צרפת - אמבפה | מס' השערים שיבקיע
זיו+תומר אסף,open,76,397,מלך הבישולים של הטורניר,פורטוגל -  פרננדש + מס' השערים שיבשל: 6,פורטוגל -  פרננדש | מס' השערים שיבשל
יובל שדות,open,75,395,מלך השערים של הטורניר,צרפת - אמבפה + מס' השערים שיבקיע: 9,צרפת - אמבפה | מס' השערים שיבקיע
יובל שדות,open,76,397,מלך הבישולים של הטורניר,ארגנטינה - מסי + מס' השערים שיבשל: 6,ארגנטינה - מסי | מס' השערים שיבשל
דני אוקון,open,75,395,מלך השערים של הטורניר,אנגליה - הארי קיין + מס' השערים שיבקיע: 8,אנגליה - הארי קיין | מס' השערים שיבקיע
דני אוקון,open,76,397,מלך הבישולים של הטורניר,ספרד - לאמאל + מס' השערים שיבשל: 7,ספרד - לאמאל | מס' השערים שיבשל
עודד אשור,open,75,395,מלך השערים של הטורניר,צרפת - אמבפה + מס' השערים שיבקיע: 6,צרפת - אמבפה | מס' השערים שיבקיע
עודד אשור,open,76,397,מלך הבישולים של הטורניר,בלגיה - קווין דה-ברוין + מס' השערים שיבשל: 3,בלגיה - קווין דה-ברוין | מס' השערים שיבשל
חן שריקי,match,15,34,סקוטלנד - מרוקו,-2,—-2
חן שריקי,open,75,395,מלך השערים של הטורניר,אנגליה - הארי קיין + מס' השערים שיבקיע: 6,אנגליה - הארי קיין | מס' השערים שיבקיע
חן שריקי,open,76,397,מלך הבישולים של הטורניר,ברזיל - ויניסיוס + מס' השערים שיבשל: 4,ברזיל - ויניסיוס | מס' השערים שיבשל
גיא טוויג,open,75,395,מלך השערים של הטורניר,אחר | אויארסבאל ספרד + מס' השערים שיבקיע: 6,אחר | אויארסבאל ספרד | מס' השערים שיבקיע
גיא טוויג,open,76,397,מלך הבישולים של הטורניר,אחר | מוסיאלה גרמניה + מס' השערים שיבשל: 4,אחר | מוסיאלה גרמניה | מס' השערים שיבשל
כפיר אטס,open,75,395,מלך השערים של הטורניר,אנגליה - הארי קיין + מס' השערים שיבקיע: 6,אנגליה - הארי קיין | מס' השערים שיבקיע
כפיר אטס,open,76,397,מלך הבישולים של הטורניר,פורטוגל -  פרננדש + מס' השערים שיבשל: 4,פורטוגל -  פרננדש | מס' השערים שיבשל
אדיר רחמים,open,75,395,מלך השערים של הטורניר,צרפת - אמבפה + מס' השערים שיבקיע: 8,צרפת - אמבפה | מס' השערים שיבקיע
אדיר רחמים,open,76,397,מלך הבישולים של הטורניר,פורטוגל -  פרננדש + מס' השערים שיבשל: 6,פורטוגל -  פרננדש | מס' השערים שיבשל
ברק קפ,open,75,395,מלך השערים של הטורניר,צרפת - אמבפה + מס' השערים שיבקיע: 8,צרפת - אמבפה | מס' השערים שיבקיע
ברק קפ,open,76,397,מלך הבישולים של הטורניר,צרפת - דמבלה + מס' השערים שיבשל: 5,צרפת - דמבלה | מס' השערים שיבשל
אילון בר טל,open,75,395,מלך השערים של הטורניר,צרפת - אמבפה + מס' השערים שיבקיע: 5,צרפת - אמבפה | מס' השערים שיבקיע
אילון בר טל,open,76,397,מלך הבישולים של הטורניר,פורטוגל -  פרננדש + מס' השערים שיבשל: 3,פורטוגל -  פרננדש | מס' השערים שיבשל
דוד+שגיא אברמסון,open,75,395,מלך השערים של הטורניר,ספרד - טורס + מס' השערים שיבקיע: 7,ספרד - טורס | מס' השערים שיבקיע
דוד+שגיא אברמסון,open,76,397,מלך הבישולים של הטורניר,פורטוגל -  פרננדש + מס' השערים שיבשל: 5,פורטוגל -  פרננדש | מס' השערים שיבשל
שמוליק בראזני,open,75,395,מלך השערים של הטורניר,צרפת - אמבפה + מס' השערים שיבקיע: 9,צרפת - אמבפה | מס' השערים שיבקיע
שמוליק בראזני,open,76,397,מלך הבישולים של הטורניר,ספרד - לאמאל + מס' השערים שיבשל: 5,ספרד - לאמאל | מס' השערים שיבשל
שלומי+הראל ביגר,open,75,395,מלך השערים של הטורניר,צרפת - אמבפה + מס' השערים שיבקיע: 7,צרפת - אמבפה | מס' השערים שיבקיע
שלומי+הראל ביגר,open,76,397,מלך הבישולים של הטורניר,ספרד - לאמאל + מס' השערים שיבשל: 5,ספרד - לאמאל | מס' השערים שיבשל
לידור עטרי,open,75,395,מלך השערים של הטורניר,אנגליה - הארי קיין + מס' השערים שיבקיע: 8,אנגליה - הארי קיין | מס' השערים שיבקיע
לידור עטרי,open,76,397,מלך הבישולים של הטורניר,פורטוגל -  פרננדש + מס' השערים שיבשל: 5,פורטוגל -  פרננדש | מס' השערים שיבשל
נימרוד רון,open,75,395,מלך השערים של הטורניר,צרפת - אמבפה + מס' השערים שיבקיע: 7,צרפת - אמבפה | מס' השערים שיבקיע
נימרוד רון,open,76,397,מלך הבישולים של הטורניר,ארגנטינה - מסי + מס' השערים שיבשל: 6,ארגנטינה - מסי | מס' השערים שיבשל
אבי עיני+ניסים שלום,open,75,395,מלך השערים של הטורניר,אנגליה - הארי קיין + מס' השערים שיבקיע: 6,אנגליה - הארי קיין | מס' השערים שיבקיע
אבי עיני+ניסים שלום,open,76,397,מלך הבישולים של הטורניר,אנגליה - פיליפ פודן + מס' השערים שיבשל: 5,אנגליה - פיליפ פודן | מס' השערים שיבשל
רובי מערבי,open,75,395,מלך השערים של הטורניר,צרפת - אמבפה + מס' השערים שיבקיע: 7,צרפת - אמבפה | מס' השערים שיבקיע
רובי מערבי,open,76,397,מלך הבישולים של הטורניר,ספרד - לאמאל + מס' השערים שיבשל: 6,ספרד - לאמאל | מס' השערים שיבשל
אורי גלבוע,open,75,395,מלך השערים של הטורניר,נורווגיה - האלאנד + מס' השערים שיבקיע: 13,נורווגיה - האלאנד | מס' השערים שיבקיע
אורי גלבוע,open,76,397,מלך הבישולים של הטורניר,ספרד - לאמאל + מס' השערים שיבשל: 15,ספרד - לאמאל | מס' השערים שיבשל
רועי זגה,open,75,395,מלך השערים של הטורניר,אנגליה - הארי קיין + מס' השערים שיבקיע: 8,אנגליה - הארי קיין | מס' השערים שיבקיע
רועי זגה,open,76,397,מלך הבישולים של הטורניר,פורטוגל -  פרננדש + מס' השערים שיבשל: 6,פורטוגל -  פרננדש | מס' השערים שיבשל
שי בר,open,75,395,מלך השערים של הטורניר,נורווגיה - האלאנד + מס' השערים שיבקיע: 6,נורווגיה - האלאנד | מס' השערים שיבקיע
שי בר,open,76,397,מלך הבישולים של הטורניר,פורטוגל -  פרננדש + מס' השערים שיבשל: 4,פורטוגל -  פרננדש | מס' השערים שיבשל
ישראל שטרנפלד,open,75,395,מלך השערים של הטורניר,צרפת - אמבפה + מס' השערים שיבקיע: 7,צרפת - אמבפה | מס' השערים שיבקיע
ישראל שטרנפלד,open,76,397,מלך הבישולים של הטורניר,ספרד - לאמאל + מס' השערים שיבשל: 6,ספרד - לאמאל | מס' השערים שיבשל
עדי בן סימון,open,75,395,מלך השערים של הטורניר,צרפת - אמבפה + מס' השערים שיבקיע: 8,צרפת - אמבפה | מס' השערים שיבקיע
עדי בן סימון,open,76,397,מלך הבישולים של הטורניר,פורטוגל -  פרננדש + מס' השערים שיבשל: 6,פורטוגל -  פרננדש | מס' השערים שיבשל
צלי גרשגורן,open,75,395,מלך השערים של הטורניר,אנגליה - הארי קיין + מס' השערים שיבקיע: 8,אנגליה - הארי קיין | מס' השערים שיבקיע
צלי גרשגורן,open,76,397,מלך הבישולים של הטורניר,פורטוגל -  פרננדש + מס' השערים שיבשל: 5,פורטוגל -  פרננדש | מס' השערים שיבשל
דניאל מערבי,open,75,395,מלך השערים של הטורניר,נורווגיה - האלאנד + מס' השערים שיבקיע: 6,נורווגיה - האלאנד | מס' השערים שיבקיע
דניאל מערבי,open,76,397,מלך הבישולים של הטורניר,צרפת - אוליסה + מס' השערים שיבשל: 6,צרפת - אוליסה | מס' השערים שיבשל
איתי בן סימון,open,75,395,מלך השערים של הטורניר,צרפת - אמבפה + מס' השערים שיבקיע: 9,צרפת - אמבפה | מס' השערים שיבקיע
איתי בן סימון,open,76,397,מלך הבישולים של הטורניר,פורטוגל -  פרננדש + מס' השערים שיבשל: 5,פורטוגל -  פרננדש | מס' השערים שיבשל
ראול קופרברג,open,75,395,מלך השערים של הטורניר,אנגליה - הארי קיין + מס' השערים שיבקיע: 8,אנגליה - הארי קיין | מס' השערים שיבקיע
ראול קופרברג,open,76,397,מלך הבישולים של הטורניר,צרפת - דמבלה + מס' השערים שיבשל: 7,צרפת - דמבלה | מס' השערים שיבשל
רועי הדר,open,75,395,מלך השערים של הטורניר,צרפת - אמבפה + מס' השערים שיבקיע: 7,צרפת - אמבפה | מס' השערים שיבקיע
רועי הדר,open,76,397,מלך הבישולים של הטורניר,פורטוגל -  פרננדש + מס' השערים שיבשל: 5,פורטוגל -  פרננדש | מס' השערים שיבשל
טל בן נעים,open,75,395,מלך השערים של הטורניר,צרפת - אמבפה + מס' השערים שיבקיע: 9,צרפת - אמבפה | מס' השערים שיבקיע
טל בן נעים,open,76,397,מלך הבישולים של הטורניר,ברזיל - ויניסיוס + מס' השערים שיבשל: 5,ברזיל - ויניסיוס | מס' השערים שיבשל
אילן בן דוד,open,75,395,מלך השערים של הטורניר,צרפת - אמבפה + מס' השערים שיבקיע: 8,צרפת - אמבפה | מס' השערים שיבקיע
אילן בן דוד,open,76,397,מלך הבישולים של הטורניר,ארגנטינה - מסי + מס' השערים שיבשל: 5,ארגנטינה - מסי | מס' השערים שיבשל
רועי פייביש,open,75,395,מלך השערים של הטורניר,אנגליה - הארי קיין + מס' השערים שיבקיע: 5,אנגליה - הארי קיין | מס' השערים שיבקיע
רועי פייביש,open,76,397,מלך הבישולים של הטורניר,ארגנטינה - מסי + מס' השערים שיבשל: 4,ארגנטינה - מסי | מס' השערים שיבשל
אלעד שניידר+נבו הרשקוביץ,open,75,395,מלך השערים של הטורניר,צרפת - אמבפה + מס' השערים שיבקיע: 8,צרפת - אמבפה | מס' השערים שיבקיע
אלעד שניידר+נבו הרשקוביץ,open,76,397,מלך הבישולים של הטורניר,ספרד - לאמאל + מס' השערים שיבשל: 4,ספרד - לאמאל | מס' השערים שיבשל
ליאם אוואד,open,75,395,מלך השערים של הטורניר,ארגנטינה - אלברז + מס' השערים שיבקיע: 7,ארגנטינה - אלברז | מס' השערים שיבקיע
ליאם אוואד,open,76,397,מלך הבישולים של הטורניר,פורטוגל -  פרננדש + מס' השערים שיבשל: 5,פורטוגל -  פרננדש | מס' השערים שיבשל
יותם+חזי+תבל בחרי,open,75,395,מלך השערים של הטורניר,צרפת - אמבפה + מס' השערים שיבקיע: 7,צרפת - אמבפה | מס' השערים שיבקיע
יותם+חזי+תבל בחרי,open,76,397,מלך הבישולים של הטורניר,ארגנטינה - מסי + מס' השערים שיבשל: 4,ארגנטינה - מסי | מס' השערים שיבשל
יריב וישנו,open,75,395,מלך השערים של הטורניר,צרפת - אמבפה + מס' השערים שיבקיע: 8,צרפת - אמבפה | מס' השערים שיבקיע
יריב וישנו,open,76,397,מלך הבישולים של הטורניר,צרפת - אוליסה + מס' השערים שיבשל: 5,צרפת - אוליסה | מס' השערים שיבשל
יוסי אדרי,open,75,395,מלך השערים של הטורניר,צרפת - אמבפה + מס' השערים שיבקיע: 7,צרפת - אמבפה | מס' השערים שיבקיע
יוסי אדרי,open,76,397,מלך הבישולים של הטורניר,ארגנטינה - מסי + מס' השערים שיבשל: 5,ארגנטינה - מסי | מס' השערים שיבשל
יוסי אדרי,open,87,419,תוצאת התיקו השכיחה שתהיה במהלך הטורניר בתום 90 דקות,46023,2026-01-01 00:00:00
עוז גורן,open,75,395,מלך השערים של הטורניר,צרפת - אמבפה + מס' השערים שיבקיע: 8,צרפת - אמבפה | מס' השערים שיבקיע
עוז גורן,open,76,397,מלך הבישולים של הטורניר,צרפת - דמבלה + מס' השערים שיבשל: 5,צרפת - דמבלה | מס' השערים שיבשל
מיקי דלויה,open,75,395,מלך השערים של הטורניר,צרפת - אמבפה + מס' השערים שיבקיע: 11,צרפת - אמבפה | מס' השערים שיבקיע
מיקי דלויה,open,76,397,מלך הבישולים של הטורניר,צרפת - דמבלה + מס' השערים שיבשל: 8,צרפת - דמבלה | מס' השערים שיבשל
אריק הרץ,open,75,395,מלך השערים של הטורניר,צרפת - אמבפה + מס' השערים שיבקיע: 6,צרפת - אמבפה | מס' השערים שיבקיע
אריק הרץ,open,76,397,מלך הבישולים של הטורניר,פורטוגל -  פרננדש + מס' השערים שיבשל: 5,פורטוגל -  פרננדש | מס' השערים שיבשל
ליאור פלג,open,75,395,מלך השערים של הטורניר,צרפת - אמבפה + מס' השערים שיבקיע: 7,צרפת - אמבפה | מס' השערים שיבקיע
ליאור פלג,open,76,397,מלך הבישולים של הטורניר,פורטוגל -  פרננדש + מס' השערים שיבשל: 4,פורטוגל -  פרננדש | מס' השערים שיבשל
מורן יטח,open,75,395,מלך השערים של הטורניר,אנגליה - הארי קיין + מס' השערים שיבקיע: 6,אנגליה - הארי קיין | מס' השערים שיבקיע
מורן יטח,open,76,397,מלך הבישולים של הטורניר,ארגנטינה - מסי + מס' השערים שיבשל: 4,ארגנטינה - מסי | מס' השערים שיבשל
דניאל סבג,open,75,395,מלך השערים של הטורניר,ספרד - טורס + מס' השערים שיבקיע: 7,ספרד - טורס | מס' השערים שיבקיע
דניאל סבג,open,76,397,מלך הבישולים של הטורניר,פורטוגל -  פרננדש + מס' השערים שיבשל: 4,פורטוגל -  פרננדש | מס' השערים שיבשל
חוני במנולקר+רן בטאט,open,75,395,מלך השערים של הטורניר,אנגליה - הארי קיין + מס' השערים שיבקיע: 7,אנגליה - הארי קיין | מס' השערים שיבקיע
חוני במנולקר+רן בטאט,open,76,397,מלך הבישולים של הטורניר,פורטוגל -  פרננדש + מס' השערים שיבשל: 5,פורטוגל -  פרננדש | מס' השערים שיבשל
אדוארדו בר חיים,open,75,395,מלך השערים של הטורניר,ספרד - טורס + מס' השערים שיבקיע: 7,ספרד - טורס | מס' השערים שיבקיע
אדוארדו בר חיים,open,76,397,מלך הבישולים של הטורניר,אנגליה - ראשפורד + מס' השערים שיבשל: 5,אנגליה - ראשפורד | מס' השערים שיבשל
תומר אברהם,open,75,395,מלך השערים של הטורניר,קולומביה - דיאז + מס' השערים שיבקיע: 7,קולומביה - דיאז | מס' השערים שיבקיע
תומר אברהם,open,76,397,מלך הבישולים של הטורניר,ספרד - לאמאל + מס' השערים שיבשל: 4,ספרד - לאמאל | מס' השערים שיבשל
קובי ארליך,open,75,395,מלך השערים של הטורניר,צרפת - אמבפה + מס' השערים שיבקיע: 6,צרפת - אמבפה | מס' השערים שיבקיע
קובי ארליך,open,76,397,מלך הבישולים של הטורניר,ברזיל - ויניסיוס + מס' השערים שיבשל: 5,ברזיל - ויניסיוס | מס' השערים שיבשל
תומר פרי,open,75,395,מלך השערים של הטורניר,צרפת - אמבפה + מס' השערים שיבקיע: 9,צרפת - אמבפה | מס' השערים שיבקיע
תומר פרי,open,76,397,מלך הבישולים של הטורניר,ספרד - לאמאל + מס' השערים שיבשל: 5,ספרד - לאמאל | מס' השערים שיבשל
יורם משה,open,75,395,מלך השערים של הטורניר,צרפת - אמבפה + מס' השערים שיבקיע: 7,צרפת - אמבפה | מס' השערים שיבקיע
יורם משה,open,76,397,מלך הבישולים של הטורניר,ארגנטינה - מסי + מס' השערים שיבשל: 5,ארגנטינה - מסי | מס' השערים שיבשל
תומר עמבר,open,75,395,מלך השערים של הטורניר,צרפת - אמבפה + מס' השערים שיבקיע: 8,צרפת - אמבפה | מס' השערים שיבקיע
תומר עמבר,open,76,397,מלך הבישולים של הטורניר,ארגנטינה - מסי + מס' השערים שיבשל: 7,ארגנטינה - מסי | מס' השערים שיבשל
אריאל חביה,open,75,395,מלך השערים של הטורניר,צרפת - אמבפה + מס' השערים שיבקיע: 8,צרפת - אמבפה | מס' השערים שיבקיע
אריאל חביה,open,76,397,מלך הבישולים של הטורניר,צרפת - אוליסה + מס' השערים שיבשל: 4,צרפת - אוליסה | מס' השערים שיבשל
משה בלאיש,open,75,395,מלך השערים של הטורניר,צרפת - אמבפה + מס' השערים שיבקיע: 6,צרפת - אמבפה | מס' השערים שיבקיע
משה בלאיש,open,76,397,מלך הבישולים של הטורניר,פורטוגל -  פרננדש + מס' השערים שיבשל: 5,פורטוגל -  פרננדש | מס' השערים שיבשל
אביב+עידן זיו,open,75,395,מלך השערים של הטורניר,צרפת - אמבפה + מס' השערים שיבקיע: 9,צרפת - אמבפה | מס' השערים שיבקיע
אביב+עידן זיו,open,76,397,מלך הבישולים של הטורניר,ארגנטינה - מסי + מס' השערים שיבשל: 6,ארגנטינה - מסי | מס' השערים שיבשל
אלון יוסף+דני שוורצמן,open,75,395,מלך השערים של הטורניר,צרפת - אמבפה + מס' השערים שיבקיע: 12,צרפת - אמבפה | מס' השערים שיבקיע
אלון יוסף+דני שוורצמן,open,76,397,מלך הבישולים של הטורניר,פורטוגל -  פרננדש + מס' השערים שיבשל: 7,פורטוגל -  פרננדש | מס' השערים שיבשל
שני בארד,open,75,395,מלך השערים של הטורניר,צרפת - אמבפה + מס' השערים שיבקיע: 9,צרפת - אמבפה | מס' השערים שיבקיע
שני בארד,open,76,397,מלך הבישולים של הטורניר,צרפת - אוליסה + מס' השערים שיבשל: 5,צרפת - אוליסה | מס' השערים שיבשל
מאיה רון,open,75,395,מלך השערים של הטורניר,צרפת - אמבפה + מס' השערים שיבקיע: 8,צרפת - אמבפה | מס' השערים שיבקיע
מאיה רון,open,76,397,מלך הבישולים של הטורניר,ארגנטינה - מסי + מס' השערים שיבשל: 6,ארגנטינה - מסי | מס' השערים שיבשל
יניב סלומון,open,75,395,מלך השערים של הטורניר,צרפת - אמבפה + מס' השערים שיבקיע: 7,צרפת - אמבפה | מס' השערים שיבקיע
יניב סלומון,open,76,397,מלך הבישולים של הטורניר,ספרד - לאמאל + מס' השערים שיבשל: 5,ספרד - לאמאל | מס' השערים שיבשל
שהם+שון וישנו,open,75,395,מלך השערים של הטורניר,אנגליה - הארי קיין + מס' השערים שיבקיע: 9,אנגליה - הארי קיין | מס' השערים שיבקיע
שהם+שון וישנו,open,76,397,מלך הבישולים של הטורניר,גרמניה - וירץ + מס' השערים שיבשל: 5,גרמניה - וירץ | מס' השערים שיבשל
משה אילוז,open,75,395,מלך השערים של הטורניר,ברזיל - ויניסיוס + מס' השערים שיבקיע: 6,ברזיל - ויניסיוס | מס' השערים שיבקיע
משה אילוז,open,76,397,מלך הבישולים של הטורניר,ברזיל - ראפיניה + מס' השערים שיבשל: 5,ברזיל - ראפיניה | מס' השערים שיבשל
ליאור עקיבא,open,75,395,מלך השערים של הטורניר,צרפת - אמבפה + מס' השערים שיבקיע: 8,צרפת - אמבפה | מס' השערים שיבקיע
ליאור עקיבא,open,76,397,מלך הבישולים של הטורניר,ברזיל - ויניסיוס + מס' השערים שיבשל: 5,ברזיל - ויניסיוס | מס' השערים שיבשל
ניר קוגן,open,75,395,מלך השערים של הטורניר,אנגליה - הארי קיין + מס' השערים שיבקיע: 7,אנגליה - הארי קיין | מס' השערים שיבקיע
ניר קוגן,open,76,397,מלך הבישולים של הטורניר,ספרד - לאמאל + מס' השערים שיבשל: 6,ספרד - לאמאל | מס' השערים שיבשל
צחי כהן,open,75,395,מלך השערים של הטורניר,צרפת - אמבפה + מס' השערים שיבקיע: 7,צרפת - אמבפה | מס' השערים שיבקיע
צחי כהן,open,76,397,מלך הבישולים של הטורניר,ארגנטינה - מסי + מס' השערים שיבשל: 5,ארגנטינה - מסי | מס' השערים שיבשל
מורן בן הרוש,open,75,395,מלך השערים של הטורניר,גרמניה - הבארץ + מס' השערים שיבקיע: 12,גרמניה - הבארץ | מס' השערים שיבקיע
מורן בן הרוש,open,76,397,מלך הבישולים של הטורניר,גרמניה - וירץ + מס' השערים שיבשל: 6,גרמניה - וירץ | מס' השערים שיבשל
עומר מנור+גיל ויובל שדות,open,75,395,מלך השערים של הטורניר,צרפת - אמבפה + מס' השערים שיבקיע: 7,צרפת - אמבפה | מס' השערים שיבקיע
עומר מנור+גיל ויובל שדות,open,76,397,מלך הבישולים של הטורניר,ספרד - לאמאל + מס' השערים שיבשל: 4,ספרד - לאמאל | מס' השערים שיבשל
עידו וינברג,open,75,395,מלך השערים של הטורניר,צרפת - אמבפה + מס' השערים שיבקיע: 7,צרפת - אמבפה | מס' השערים שיבקיע
עידו וינברג,open,76,397,מלך הבישולים של הטורניר,פורטוגל -  פרננדש + מס' השערים שיבשל: 4,פורטוגל -  פרננדש | מס' השערים שיבשל
עידו אורנשטיין,open,75,395,מלך השערים של הטורניר,אנגליה - הארי קיין + מס' השערים שיבקיע: 5,אנגליה - הארי קיין | מס' השערים שיבקיע
עידו אורנשטיין,open,76,397,מלך הבישולים של הטורניר,ספרד - לאמאל + מס' השערים שיבשל: 3,ספרד - לאמאל | מס' השערים שיבשל
צפריר+עילי פיקס,open,75,395,מלך השערים של הטורניר,ספרד - לאמאל + מס' השערים שיבקיע: 6,ספרד - לאמאל | מס' השערים שיבקיע
צפריר+עילי פיקס,open,76,397,מלך הבישולים של הטורניר,צרפת - אוליסה + מס' השערים שיבשל: 5,צרפת - אוליסה | מס' השערים שיבשל
גלעד מרטין,open,75,395,מלך השערים של הטורניר,צרפת - אמבפה + מס' השערים שיבקיע: 5,צרפת - אמבפה | מס' השערים שיבקיע
גלעד מרטין,open,76,397,מלך הבישולים של הטורניר,גרמניה - וירץ + מס' השערים שיבשל: 4,גרמניה - וירץ | מס' השערים שיבשל
עפר לירון,open,75,395,מלך השערים של הטורניר,אנגליה - הארי קיין + מס' השערים שיבקיע: 7,אנגליה - הארי קיין | מס' השערים שיבקיע
עפר לירון,open,76,397,מלך הבישולים של הטורניר,ארגנטינה - מסי + מס' השערים שיבשל: 4,ארגנטינה - מסי | מס' השערים שיבשל
אלירן נוי,open,75,395,מלך השערים של הטורניר,נורווגיה - האלאנד + מס' השערים שיבקיע: 8,נורווגיה - האלאנד | מס' השערים שיבקיע
אלירן נוי,open,76,397,מלך הבישולים של הטורניר,צרפת - אוליסה + מס' השערים שיבשל: 4,צרפת - אוליסה | מס' השערים שיבשל
אור מילרוד,match,31,62,הולנד - יפן,3-,3-2
אור מילרוד,match,32,63,שבדיה - טוניסיה,1-,1-1
אור מילרוד,match,33,64,הולנד - שבדיה,2-,2-1
אור מילרוד,match,34,65,טוניסיה - יפן,1-,1-2
אור מילרוד,match,35,66,טוניסיה - הולנד,0-,0-2
אור מילרוד,match,36,67,יפן - שבדיה,2-,2-1
אור מילרוד,open,75,395,מלך השערים של הטורניר,הולנד - גאקפו + מס' השערים שיבקיע: 6,הולנד - גאקפו | מס' השערים שיבקיע
אור מילרוד,open,76,397,מלך הבישולים של הטורניר,ארגנטינה - מסי + מס' השערים שיבשל: 5,ארגנטינה - מסי | מס' השערים שיבשל
אוראל בן עמי,open,75,395,מלך השערים של הטורניר,צרפת - אמבפה + מס' השערים שיבקיע: 8,צרפת - אמבפה | מס' השערים שיבקיע
אוראל בן עמי,open,76,397,מלך הבישולים של הטורניר,צרפת - אוליסה + מס' השערים שיבשל: 5,צרפת - אוליסה | מס' השערים שיבשל
דביר בישלה,open,75,395,מלך השערים של הטורניר,פורטוגל - רונאלדו + מס' השערים שיבקיע: 7,פורטוגל - רונאלדו | מס' השערים שיבקיע
דביר בישלה,open,76,397,מלך הבישולים של הטורניר,פורטוגל -  פרננדש + מס' השערים שיבשל: 6,פורטוגל -  פרננדש | מס' השערים שיבשל
יותם מערבי,open,75,395,מלך השערים של הטורניר,נורווגיה - האלאנד + מס' השערים שיבקיע: 9,נורווגיה - האלאנד | מס' השערים שיבקיע
יותם מערבי,open,76,397,מלך הבישולים של הטורניר,ארגנטינה - מסי + מס' השערים שיבשל: 7,ארגנטינה - מסי | מס' השערים שיבשל
אלי גזית,open,75,395,מלך השערים של הטורניר,צרפת - אמבפה + מס' השערים שיבקיע: 7,צרפת - אמבפה | מס' השערים שיבקיע
אלי גזית,open,76,397,מלך הבישולים של הטורניר,ארגנטינה - מסי + מס' השערים שיבשל: 4,ארגנטינה - מסי | מס' השערים שיבשל
יהודה איאש,open,75,395,מלך השערים של הטורניר,צרפת - אמבפה + מס' השערים שיבקיע: 8,צרפת - אמבפה | מס' השערים שיבקיע
יהודה איאש,open,76,397,מלך הבישולים של הטורניר,ברזיל - ויניסיוס + מס' השערים שיבשל: 4,ברזיל - ויניסיוס | מס' השערים שיבשל
ניל וישנו,open,75,395,מלך השערים של הטורניר,הולנד - גאקפו + מס' השערים שיבקיע: 7,הולנד - גאקפו | מס' השערים שיבקיע
ניל וישנו,open,76,397,מלך הבישולים של הטורניר,ארגנטינה - מסי + מס' השערים שיבשל: 4,ארגנטינה - מסי | מס' השערים שיבשל
רוני גליק,open,75,395,מלך השערים של הטורניר,צרפת - אמבפה + מס' השערים שיבקיע: 5,צרפת - אמבפה | מס' השערים שיבקיע
רוני גליק,open,76,397,מלך הבישולים של הטורניר,ארגנטינה - מסי + מס' השערים שיבשל: 5,ארגנטינה - מסי | מס' השערים שיבשל
אביעד צרפתי,open,75,395,מלך השערים של הטורניר,צרפת - אמבפה + מס' השערים שיבקיע: 10,צרפת - אמבפה | מס' השערים שיבקיע
אביעד צרפתי,open,76,397,מלך הבישולים של הטורניר,ספרד - לאמאל + מס' השערים שיבשל: 6,ספרד - לאמאל | מס' השערים שיבשל
שוהם בן סימון,open,75,395,מלך השערים של הטורניר,צרפת - אמבפה + מס' השערים שיבקיע: 7,צרפת - אמבפה | מס' השערים שיבקיע
שוהם בן סימון,open,76,397,מלך הבישולים של הטורניר,ספרד - לאמאל + מס' השערים שיבשל: 6,ספרד - לאמאל | מס' השערים שיבשל
ליאור בוגנים,open,75,395,מלך השערים של הטורניר,אנגליה - הארי קיין + מס' השערים שיבקיע: 6,אנגליה - הארי קיין | מס' השערים שיבקיע
ליאור בוגנים,open,76,397,מלך הבישולים של הטורניר,פורטוגל -  פרננדש + מס' השערים שיבשל: 5,פורטוגל -  פרננדש | מס' השערים שיבשל
צחי אנטן,open,75,395,מלך השערים של הטורניר,צרפת - אמבפה + מס' השערים שיבקיע: 6,צרפת - אמבפה | מס' השערים שיבקיע
צחי אנטן,open,76,397,מלך הבישולים של הטורניר,ברזיל - ויניסיוס + מס' השערים שיבשל: 5,ברזיל - ויניסיוס | מס' השערים שיבשל
אביעד קחטה,open,75,395,מלך השערים של הטורניר,ארגנטינה - מסי + מס' השערים שיבקיע: 5,ארגנטינה - מסי | מס' השערים שיבקיע
אביעד קחטה,open,76,397,מלך הבישולים של הטורניר,אחר | ספרד- אולמו + מס' השערים שיבשל: 4,אחר | ספרד- אולמו | מס' השערים שיבשל
אורי קיין,open,75,395,מלך השערים של הטורניר,צרפת - אמבפה + מס' השערים שיבקיע: 9,צרפת - אמבפה | מס' השערים שיבקיע
אורי קיין,open,76,397,מלך הבישולים של הטורניר,ספרד - לאמאל + מס' השערים שיבשל: 4,ספרד - לאמאל | מס' השערים שיבשל
בן סולומון,open,75,395,מלך השערים של הטורניר,צרפת - אמבפה + מס' השערים שיבקיע: 8,צרפת - אמבפה | מס' השערים שיבקיע
בן סולומון,open,76,397,מלך הבישולים של הטורניר,אנגליה - הארי קיין + מס' השערים שיבשל: 4,אנגליה - הארי קיין | מס' השערים שיבשל
דודי סיני,open,75,395,מלך השערים של הטורניר,ארגנטינה - מרטינז + מס' השערים שיבקיע: 7,ארגנטינה - מרטינז | מס' השערים שיבקיע
דודי סיני,open,76,397,מלך הבישולים של הטורניר,ארגנטינה - מסי + מס' השערים שיבשל: 4,ארגנטינה - מסי | מס' השערים שיבשל
אסף שרשוב,open,75,395,מלך השערים של הטורניר,צרפת - אמבפה + מס' השערים שיבקיע: 7,צרפת - אמבפה | מס' השערים שיבקיע
אסף שרשוב,open,76,397,מלך הבישולים של הטורניר,ספרד - לאמאל + מס' השערים שיבשל: 6,ספרד - לאמאל | מס' השערים שיבשל
צביקה+נועם מינסטר,open,75,395,מלך השערים של הטורניר,אנגליה - הארי קיין + מס' השערים שיבקיע: 7,אנגליה - הארי קיין | מס' השערים שיבקיע
צביקה+נועם מינסטר,open,76,397,מלך הבישולים של הטורניר,ארגנטינה - מסי + מס' השערים שיבשל: 4,ארגנטינה - מסי | מס' השערים שיבשל
תומר חי,open,75,395,מלך השערים של הטורניר,צרפת - אמבפה + מס' השערים שיבקיע: 8,צרפת - אמבפה | מס' השערים שיבקיע
תומר חי,open,76,397,מלך הבישולים של הטורניר,צרפת - אוליסה + מס' השערים שיבשל: 5,צרפת - אוליסה | מס' השערים שיבשל
עוז רודיק,open,75,395,מלך השערים של הטורניר,צרפת - אמבפה + מס' השערים שיבקיע: 9,צרפת - אמבפה | מס' השערים שיבקיע
עוז רודיק,open,76,397,מלך הבישולים של הטורניר,ארגנטינה - מסי + מס' השערים שיבשל: 5,ארגנטינה - מסי | מס' השערים שיבשל
ויטלי גורביץ,open,75,395,מלך השערים של הטורניר,צרפת - אמבפה + מס' השערים שיבקיע: 8,צרפת - אמבפה | מס' השערים שיבקיע
ויטלי גורביץ,open,76,397,מלך הבישולים של הטורניר,ספרד - לאמאל + מס' השערים שיבשל: 5,ספרד - לאמאל | מס' השערים שיבשל
אייל +מורן כהן,open,75,395,מלך השערים של הטורניר,ארגנטינה - מסי + מס' השערים שיבקיע: 6,ארגנטינה - מסי | מס' השערים שיבקיע
אייל +מורן כהן,open,76,397,מלך הבישולים של הטורניר,אנגליה - הארי קיין + מס' השערים שיבשל: 4,אנגליה - הארי קיין | מס' השערים שיבשל
אביב כרמי,open,75,395,מלך השערים של הטורניר,צרפת - אמבפה + מס' השערים שיבקיע: 8,צרפת - אמבפה | מס' השערים שיבקיע
אביב כרמי,open,76,397,מלך הבישולים של הטורניר,אנגליה - הארי קיין + מס' השערים שיבשל: 4,אנגליה - הארי קיין | מס' השערים שיבשל
עידו מונטה,open,75,395,מלך השערים של הטורניר,צרפת - אמבפה + מס' השערים שיבקיע: 8,צרפת - אמבפה | מס' השערים שיבקיע
עידו מונטה,open,76,397,מלך הבישולים של הטורניר,ברזיל - ויניסיוס + מס' השערים שיבשל: 5,ברזיל - ויניסיוס | מס' השערים שיבשל
עומר פרידמן,open,75,395,מלך השערים של הטורניר,נורווגיה - האלאנד + מס' השערים שיבקיע: 6,נורווגיה - האלאנד | מס' השערים שיבקיע
עומר פרידמן,open,76,397,מלך הבישולים של הטורניר,פורטוגל -  פרננדש + מס' השערים שיבשל: 4,פורטוגל -  פרננדש | מס' השערים שיבשל
אלון+תומר+עדו ביגר,open,75,395,מלך השערים של הטורניר,פורטוגל - רונאלדו + מס' השערים שיבקיע: 7,פורטוגל - רונאלדו | מס' השערים שיבקיע
אלון+תומר+עדו ביגר,open,76,397,מלך הבישולים של הטורניר,פורטוגל -  פרננדש + מס' השערים שיבשל: 5,פורטוגל -  פרננדש | מס' השערים שיבשל
בוריס גורליק,open,75,395,מלך השערים של הטורניר,אחר | מִיקֵל אוֹיַארְסָבַּאל + מס' השערים שיבקיע: 9,אחר | מִיקֵל אוֹיַארְסָבַּאל | מס' השערים שיבקיע
בוריס גורליק,open,76,397,מלך הבישולים של הטורניר,ארגנטינה - מסי + מס' השערים שיבשל: 4,ארגנטינה - מסי | מס' השערים שיבשל
ענת+עמית עובדיה,open,12,154,"מס' תוצאות התיקו שיהיו בשלב הבתים (סה""כ 72 משחקים)",14-16 | 46244,14-16
ענת+עמית עובדיה,open,14,158,"מס' כרטיסים אדומים שיישלפו בשלב הבתים (סה""כ 72 משחקים)",46148,2026-05-06 00:00:00
ענת+עמית עובדיה,open,75,395,מלך השערים של הטורניר,צרפת - אמבפה + מס' השערים שיבקיע: 9,צרפת - אמבפה | מס' השערים שיבקיע
ענת+עמית עובדיה,open,76,397,מלך הבישולים של הטורניר,פורטוגל -  פרננדש + מס' השערים שיבשל: 5,פורטוגל -  פרננדש | מס' השערים שיבשל
יותמי+בוזי+ספי עדס,open,75,395,מלך השערים של הטורניר,אנגליה - הארי קיין + מס' השערים שיבקיע: 6,אנגליה - הארי קיין | מס' השערים שיבקיע
יותמי+בוזי+ספי עדס,open,76,397,מלך הבישולים של הטורניר,אנגליה - פאלמר + מס' השערים שיבשל: 2,אנגליה - פאלמר | מס' השערים שיבשל
ברק לוי,open,75,395,מלך השערים של הטורניר,צרפת - אוליסה + מס' השערים שיבקיע: 10,צרפת - אוליסה | מס' השערים שיבקיע
ברק לוי,open,76,397,מלך הבישולים של הטורניר,פורטוגל -  פרננדש + מס' השערים שיבשל: 5,פורטוגל -  פרננדש | מס' השערים שיבשל
קובי צורי,open,75,395,מלך השערים של הטורניר,צרפת - אמבפה + מס' השערים שיבקיע: 7,צרפת - אמבפה | מס' השערים שיבקיע
קובי צורי,open,76,397,מלך הבישולים של הטורניר,פורטוגל -  פרננדש + מס' השערים שיבשל: 5,פורטוגל -  פרננדש | מס' השערים שיבשל
יואב מאור,open,75,395,מלך השערים של הטורניר,נורווגיה - האלאנד + מס' השערים שיבקיע: 9,נורווגיה - האלאנד | מס' השערים שיבקיע
יואב מאור,open,76,397,מלך הבישולים של הטורניר,צרפת - אוליסה + מס' השערים שיבשל: 5,צרפת - אוליסה | מס' השערים שיבשל
שלומי לוי,open,75,395,מלך השערים של הטורניר,נורווגיה - האלאנד + מס' השערים שיבקיע: 7,נורווגיה - האלאנד | מס' השערים שיבקיע
שלומי לוי,open,76,397,מלך הבישולים של הטורניר,ארגנטינה - מסי + מס' השערים שיבשל: 6,ארגנטינה - מסי | מס' השערים שיבשל
רועי חביה,open,75,395,מלך השערים של הטורניר,צרפת - אמבפה + מס' השערים שיבקיע: 8,צרפת - אמבפה | מס' השערים שיבקיע
רועי חביה,open,76,397,מלך הבישולים של הטורניר,פורטוגל -  פרננדש + מס' השערים שיבשל: 5,פורטוגל -  פרננדש | מס' השערים שיבשל
דוד פפושדו,open,75,395,מלך השערים של הטורניר,אנגליה - הארי קיין + מס' השערים שיבקיע: 7,אנגליה - הארי קיין | מס' השערים שיבקיע
דוד פפושדו,open,76,397,מלך הבישולים של הטורניר,צרפת - דמבלה + מס' השערים שיבשל: 5,צרפת - דמבלה | מס' השערים שיבשל
גל טישלמן,open,75,395,מלך השערים של הטורניר,נורווגיה - האלאנד + מס' השערים שיבקיע: 11,נורווגיה - האלאנד | מס' השערים שיבקיע
גל טישלמן,open,76,397,מלך הבישולים של הטורניר,ברזיל - ראפיניה + מס' השערים שיבשל: 5,ברזיל - ראפיניה | מס' השערים שיבשל
אלעד קוטון,open,75,395,מלך השערים של הטורניר,צרפת - אמבפה + מס' השערים שיבקיע: 6,צרפת - אמבפה | מס' השערים שיבקיע
אלעד קוטון,open,76,397,מלך הבישולים של הטורניר,ספרד - לאמאל + מס' השערים שיבשל: 4,ספרד - לאמאל | מס' השערים שיבשל
תומר כהן,open,75,395,מלך השערים של הטורניר,צרפת - אוליסה + מס' השערים שיבקיע: 9,צרפת - אוליסה | מס' השערים שיבקיע
תומר כהן,open,76,397,מלך הבישולים של הטורניר,ברזיל - ויניסיוס + מס' השערים שיבשל: 5,ברזיל - ויניסיוס | מס' השערים שיבשל
שובל בישלה,open,75,395,מלך השערים של הטורניר,אנגליה - הארי קיין + מס' השערים שיבקיע: 9,אנגליה - הארי קיין | מס' השערים שיבקיע
שובל בישלה,open,76,397,מלך הבישולים של הטורניר,ארגנטינה - מסי + מס' השערים שיבשל: 5,ארגנטינה - מסי | מס' השערים שיבשל
ניר בן יקיר,open,75,395,מלך השערים של הטורניר,ספרד - לאמאל + מס' השערים שיבקיע: 8,ספרד - לאמאל | מס' השערים שיבקיע
ניר בן יקיר,open,76,397,מלך הבישולים של הטורניר,ברזיל - פדרו + מס' השערים שיבשל: 7,ברזיל - פדרו | מס' השערים שיבשל
ערן רוזן,open,75,395,מלך השערים של הטורניר,נורווגיה - האלאנד + מס' השערים שיבקיע: 12,נורווגיה - האלאנד | מס' השערים שיבקיע
ערן רוזן,open,76,397,מלך הבישולים של הטורניר,ארגנטינה - מסי + מס' השערים שיבשל: 10,ארגנטינה - מסי | מס' השערים שיבשל
אילון אלחיאני+יותם סגל,open,75,395,מלך השערים של הטורניר,צרפת - אמבפה + מס' השערים שיבקיע: 9,צרפת - אמבפה | מס' השערים שיבקיע
אילון אלחיאני+יותם סגל,open,76,397,מלך הבישולים של הטורניר,פורטוגל -  פרננדש + מס' השערים שיבשל: 5,פורטוגל -  פרננדש | מס' השערים שיבשל
לירן רז,open,75,395,מלך השערים של הטורניר,אנגליה - הארי קיין + מס' השערים שיבקיע: 9,אנגליה - הארי קיין | מס' השערים שיבקיע
לירן רז,open,76,397,מלך הבישולים של הטורניר,ברזיל - ויניסיוס + מס' השערים שיבשל: 5,ברזיל - ויניסיוס | מס' השערים שיבשל
ניר אלטשולר,open,75,395,מלך השערים של הטורניר,נורווגיה - האלאנד + מס' השערים שיבקיע: 7,נורווגיה - האלאנד | מס' השערים שיבקיע
ניר אלטשולר,open,76,397,מלך הבישולים של הטורניר,ספרד - לאמאל + מס' השערים שיבשל: 5,ספרד - לאמאל | מס' השערים שיבשל
יוני פרוביז,open,75,395,מלך השערים של הטורניר,אנגליה - הארי קיין + מס' השערים שיבקיע: 5,אנגליה - הארי קיין | מס' השערים שיבקיע
יוני פרוביז,open,76,397,מלך הבישולים של הטורניר,ספרד - טורס + מס' השערים שיבשל: 4,ספרד - טורס | מס' השערים שיבשל
יואב גולדשטיין,open,75,395,מלך השערים של הטורניר,צרפת - אמבפה + מס' השערים שיבקיע: 7,צרפת - אמבפה | מס' השערים שיבקיע
יואב גולדשטיין,open,76,397,מלך הבישולים של הטורניר,צרפת - אוליסה + מס' השערים שיבשל: 6,צרפת - אוליסה | מס' השערים שיבשל
משה בישור,open,75,395,מלך השערים של הטורניר,אנגליה - הארי קיין + מס' השערים שיבקיע: 8,אנגליה - הארי קיין | מס' השערים שיבקיע
משה בישור,open,76,397,מלך הבישולים של הטורניר,ספרד - לאמאל + מס' השערים שיבשל: 4,ספרד - לאמאל | מס' השערים שיבשל
אורן רוזן,open,75,395,מלך השערים של הטורניר,ברזיל - ויניסיוס + מס' השערים שיבקיע: 6,ברזיל - ויניסיוס | מס' השערים שיבקיע
אורן רוזן,open,76,397,מלך הבישולים של הטורניר,אחר | בלינגהאם + מס' השערים שיבשל: 4,אחר | בלינגהאם | מס' השערים שיבשל
אריה ציבוטרו,open,75,395,מלך השערים של הטורניר,אנגליה - הארי קיין + מס' השערים שיבקיע: 7,אנגליה - הארי קיין | מס' השערים שיבקיע
אריה ציבוטרו,open,76,397,מלך הבישולים של הטורניר,ארגנטינה - מסי + מס' השערים שיבשל: 5,ארגנטינה - מסי | מס' השערים שיבשל
דניאל קולסניק,open,75,395,מלך השערים של הטורניר,ברזיל - ראפיניה + מס' השערים שיבקיע: 9,ברזיל - ראפיניה | מס' השערים שיבקיע
דניאל קולסניק,open,76,397,מלך הבישולים של הטורניר,ארגנטינה - מסי + מס' השערים שיבשל: 7,ארגנטינה - מסי | מס' השערים שיבשל
מאריק ברסטוביצקי,open,75,395,מלך השערים של הטורניר,צרפת - אמבפה + מס' השערים שיבקיע: 8,צרפת - אמבפה | מס' השערים שיבקיע
מאריק ברסטוביצקי,open,76,397,מלך הבישולים של הטורניר,צרפת - דמבלה + מס' השערים שיבשל: 5,צרפת - דמבלה | מס' השערים שיבשל
יובל קאופמן,open,75,395,מלך השערים של הטורניר,אנגליה - הארי קיין + מס' השערים שיבקיע: 10,אנגליה - הארי קיין | מס' השערים שיבקיע
יובל קאופמן,open,76,397,מלך הבישולים של הטורניר,ברזיל - ראפיניה + מס' השערים שיבשל: 6,ברזיל - ראפיניה | מס' השערים שיבשל
אופיר ניב,open,75,395,מלך השערים של הטורניר,נורווגיה - האלאנד + מס' השערים שיבקיע: 7,נורווגיה - האלאנד | מס' השערים שיבקיע
אופיר ניב,open,76,397,מלך הבישולים של הטורניר,גרמניה - גנאברי + מס' השערים שיבשל: 4,גרמניה - גנאברי | מס' השערים שיבשל
ליעד קרמר,open,75,395,מלך השערים של הטורניר,פורטוגל - רונאלדו + מס' השערים שיבקיע: 7,פורטוגל - רונאלדו | מס' השערים שיבקיע
ליעד קרמר,open,76,397,מלך הבישולים של הטורניר,בלגיה - קווין דה-ברוין + מס' השערים שיבשל: 5,בלגיה - קווין דה-ברוין | מס' השערים שיבשל
ליאור חודרה,open,75,395,מלך השערים של הטורניר,צרפת - אמבפה + מס' השערים שיבקיע: 6,צרפת - אמבפה | מס' השערים שיבקיע
ליאור חודרה,open,76,397,מלך הבישולים של הטורניר,פורטוגל -  פרננדש + מס' השערים שיבשל: 4,פורטוגל -  פרננדש | מס' השערים שיבשל
רותם שרעבי,open,75,395,מלך השערים של הטורניר,אחר | אוירזבל + מס' השערים שיבקיע: 8,אחר | אוירזבל | מס' השערים שיבקיע
רותם שרעבי,open,76,397,מלך הבישולים של הטורניר,פורטוגל -  פרננדש + מס' השערים שיבשל: 7,פורטוגל -  פרננדש | מס' השערים שיבשל
ליאור רוזן,open,75,395,מלך השערים של הטורניר,נורווגיה - האלאנד + מס' השערים שיבקיע: 7,נורווגיה - האלאנד | מס' השערים שיבקיע
ליאור רוזן,open,76,397,מלך הבישולים של הטורניר,פורטוגל -  פרננדש + מס' השערים שיבשל: 5,פורטוגל -  פרננדש | מס' השערים שיבשל
שרון הולצר,open,75,395,מלך השערים של הטורניר,אנגליה - הארי קיין + מס' השערים שיבקיע: 7,אנגליה - הארי קיין | מס' השערים שיבקיע
שרון הולצר,open,76,397,מלך הבישולים של הטורניר,ארגנטינה - מסי + מס' השערים שיבשל: 4,ארגנטינה - מסי | מס' השערים שיבשל
יונתן קוחן,open,75,395,מלך השערים של הטורניר,צרפת - אמבפה + מס' השערים שיבקיע: 8,צרפת - אמבפה | מס' השערים שיבקיע
יונתן קוחן,open,76,397,מלך הבישולים של הטורניר,פורטוגל -  פרננדש + מס' השערים שיבשל: 6,פורטוגל -  פרננדש | מס' השערים שיבשל
מירית אננבורג,open,75,395,מלך השערים של הטורניר,אנגליה - הארי קיין + מס' השערים שיבקיע: 6,אנגליה - הארי קיין | מס' השערים שיבקיע
מירית אננבורג,open,76,397,מלך הבישולים של הטורניר,אחר | פדרי-ספרד + מס' השערים שיבשל: 7,אחר | פדרי-ספרד | מס' השערים שיבשל
מירית אננבורג,open,77,399,הנבחרת שיישרקו לזכותה הכי הרבה פנדלים בטורניר,ארגנטינה + מס' הפנדלים שיישרקו: 46085,ארגנטינה + מס' הפנדלים שיישרקו: 2026-03-04 00:00:00
מירית אננבורג,open,86,417,תוצאת התיקו הגבוהה שתהיה במהלך הטורניר בתום 90 דקות,46084,2026-03-03 00:00:00
מירית אננבורג,open,87,419,תוצאת התיקו השכיחה שתהיה במהלך הטורניר בתום 90 דקות,46023,2026-01-01 00:00:00
מירית אננבורג,open,88,421,התוצאה השכיחה ביותר שתהיה במהלך הטורניר בתום 90 דקות,46025,2026-01-03 00:00:00
אייל קורפירסט,open,75,395,מלך השערים של הטורניר,צרפת - אמבפה + מס' השערים שיבקיע: 7,צרפת - אמבפה | מס' השערים שיבקיע
אייל קורפירסט,open,76,397,מלך הבישולים של הטורניר,ארגנטינה - מסי + מס' השערים שיבשל: 6,ארגנטינה - מסי | מס' השערים שיבשל
גיא בר אבי,open,75,395,מלך השערים של הטורניר,צרפת - אמבפה + מס' השערים שיבקיע: 6,צרפת - אמבפה | מס' השערים שיבקיע
גיא בר אבי,open,76,397,מלך הבישולים של הטורניר,פורטוגל -  פרננדש + מס' השערים שיבשל: 5,פורטוגל -  פרננדש | מס' השערים שיבשל
